pdb_id,methods,title,coordinate_role,pair_index,nt1,comp1,nt2,comp2,partner_comp,bp,name,DSSR,Saenger,bp_params_json
178D,X-RAY DIFFRACTION,CRYSTAL STRUCTURE OF A DNA DUPLEX CONTAINING 8-HYDROXYDEOXYGUANINE.ADENINE BASE-PAIRS,asu,4,A.DA4,DA,B.8OG21,8OG,DA,A+g,--,cW+M,09-IX,"[-0.766, 5.111, -0.026, -0.315, -20.468, -84.342]"
178D,X-RAY DIFFRACTION,CRYSTAL STRUCTURE OF A DNA DUPLEX CONTAINING 8-HYDROXYDEOXYGUANINE.ADENINE BASE-PAIRS,asu,9,A.8OG9,8OG,B.DA16,DA,DA,g+A,--,cM+W,09-IX,"[0.086, -4.428, -0.188, 2.612, 18.588, 83.556]"
178D,X-RAY DIFFRACTION,CRYSTAL STRUCTURE OF A DNA DUPLEX CONTAINING 8-HYDROXYDEOXYGUANINE.ADENINE BASE-PAIRS,assembly1,4,A.DA4,DA,B.8OG21,8OG,DA,A+g,--,cW+M,09-IX,"[-0.766, 5.111, -0.026, -0.315, -20.468, -84.342]"
178D,X-RAY DIFFRACTION,CRYSTAL STRUCTURE OF A DNA DUPLEX CONTAINING 8-HYDROXYDEOXYGUANINE.ADENINE BASE-PAIRS,assembly1,9,A.8OG9,8OG,B.DA16,DA,DA,g+A,--,cM+W,09-IX,"[0.086, -4.428, -0.188, 2.612, 18.588, 83.556]"
183D,X-RAY DIFFRACTION,"X-RAY STRUCTURE OF A DNA DECAMER CONTAINING 7, 8-DIHYDRO-8-OXOGUANINE",assembly1,4,A.8OG4,8OG,A-2.DC7,DC,DC,g-C,WC,cW-W,19-XIX,"[-0.014, -0.125, 0.467, 2.462, -6.679, -3.93]"
183D,X-RAY DIFFRACTION,"X-RAY STRUCTURE OF A DNA DECAMER CONTAINING 7, 8-DIHYDRO-8-OXOGUANINE",assembly1,7,A.DC7,DC,A-2.8OG4,8OG,DC,C-g,WC,cW-W,19-XIX,"[0.014, -0.125, 0.467, -2.462, -6.679, -3.93]"
1FYI,SOLUTION NMR,11-MER DNA DUPLEX CONTAINING A 2'-DEOXYARISTEROMYCIN 8-OXO-GUANINE BASE PAIR;,asu,6,A.DG5,DG,B.8OG17,8OG,DG,G+g,--,cW+M,--,"[-1.614, 5.092, -1.502, -28.329, -20.832, -114.382]"
1FYI,SOLUTION NMR,11-MER DNA DUPLEX CONTAINING A 2'-DEOXYARISTEROMYCIN 8-OXO-GUANINE BASE PAIR;,asu,8,A.2AR6,2AR,B.8OG17,8OG,2AR,a+g,--,cW+M,09-IX,"[-0.292, 5.329, 1.691, -27.204, -4.939, -79.838]"
1N2W,SOLUTION NMR,Solution Structure of 8OG:G mismatch containing duplex,asu,4,A.DG4,DG,B.8OG21,8OG,DG,G+g,--,cW+M,06-VI,"[-1.351, 6.103, 1.227, -9.202, -20.512, -77.052]"
1N2W,SOLUTION NMR,Solution Structure of 8OG:G mismatch containing duplex,asu,9,A.8OG9,8OG,B.DG16,DG,DG,g+G,--,cM+W,--,"[2.395, -6.23, 0.088, -12.26, 12.805, 85.779]"
2M3P,SOLUTION NMR,DNA containing a cluster of 8-oxo-guanine and abasic site lesion: alpha anomer,asu,3,A.DC3,DC,B.8OG20,8OG,DC,C-g,WC,cW-W,19-XIX,"[0.633, -0.235, -0.018, 1.103, -8.752, -0.426]"
2M3Y,SOLUTION NMR,DNA containing a cluster of 8-oxo-guanine and abasic site lesion: beta anomer,asu,3,A.DC3,DC,B.8OG20,8OG,DC,C-g,WC,cW-W,19-XIX,"[0.37, -0.135, 0.351, -14.084, -11.287, 1.217]"
2M40,SOLUTION NMR,DNA containing a cluster of 8-oxo-guanine and THF lesion,asu,3,A.DC3,DC,B.8OG20,8OG,DC,C-g,WC,cW-W,19-XIX,"[0.356, 0.011, 0.304, -19.612, -8.873, -0.636]"
2M43,SOLUTION NMR,"DNA containing a cluster of 8-oxo-guanine and abasic site lesion: alpha anomer (AP6, 8OG 14)",asu,8,A.DC9,DC,B.8OG14,8OG,DC,C-g,WC,cW-W,19-XIX,"[0.029, 0.079, 0.362, 0.48, -12.932, 1.75]"
2M44,SOLUTION NMR,"DNA containing a cluster of 8-oxo-guanine and abasic site lesion: beta anomer (6AP, 8OG14)",asu,8,A.DC9,DC,B.8OG14,8OG,DC,C-g,WC,cW-W,19-XIX,"[0.296, -0.02, 0.032, -5.908, -7.617, 4.409]"
2MWZ,SOLUTION NMR,Xanthine and 8-oxoguanine in G-quadruplexes: formation of a G G X O tetrad,asu,2,A.DG3,DG,A.8OG9,8OG,DG,G+g,--,cM+W,06-VI,"[-2.365, -2.953, 0.005, -15.596, -2.571, 92.74]"
2MWZ,SOLUTION NMR,Xanthine and 8-oxoguanine in G-quadruplexes: formation of a G G X O tetrad,asu,8,A.8OG9,8OG,A.3ZO17,3ZO,3ZO,g+g,--,cM+W,06-VI,"[-1.896, -3.157, -0.126, -12.814, 3.344, 83.89]"
5HQF,SOLUTION NMR,DNA duplex containing a ribonolactone lesion,asu,3,A.DC3,DC,B.8OG20,8OG,DC,C-g,WC,cW-W,19-XIX,"[-0.109, 0.099, 0.133, -5.087, -3.261, 0.2]"
5HQQ,SOLUTION NMR,DNA duplex containing a ribonolactone lesion,asu,8,A.DC9,DC,B.8OG14,8OG,DC,C-g,WC,cW-W,19-XIX,"[0.264, -0.167, -0.007, 2.599, -9.054, -2.431]"
5IV1,SOLUTION NMR,Solution Structure of DNA Dodecamer with 8-oxoguanine at 4th Position,asu,4,A.8OG4,8OG,B.DC21,DC,DC,g-C,WC,cW-W,19-XIX,"[-0.326, -0.126, -0.074, 4.53, -11.167, 0.384]"
5IV1,SOLUTION NMR,Solution Structure of DNA Dodecamer with 8-oxoguanine at 4th Position,asu,9,A.DC9,DC,B.8OG16,8OG,DC,C-g,WC,cW-W,19-XIX,"[0.324, -0.13, -0.086, -4.99, -11.422, -0.081]"
5IZP,SOLUTION NMR,Solution Structure of DNA Dodecamer with 8-oxoguanine at 10th Position,asu,3,A.DC3,DC,B.8OG22,8OG,DC,C-g,WC,cW-W,19-XIX,"[0.312, -0.089, 0.017, 7.332, -10.517, 0.979]"
5IZP,SOLUTION NMR,Solution Structure of DNA Dodecamer with 8-oxoguanine at 10th Position,asu,10,A.8OG10,8OG,B.DC15,DC,DC,g-C,WC,cW-W,19-XIX,"[-0.277, -0.09, 0.08, -6.043, -10.513, 0.855]"
5TRN,SOLUTION NMR,Solution Structure of a DNA Dodecamer with 8-oxoguanine at the 4th position and 5-methylcytosine at the 9th position,asu,4,A.8OG4,8OG,B.5CM21,5CM,5CM,g-c,WC,cW-W,19-XIX,"[-0.428, -0.088, 0.035, 6.082, -15.331, 2.735]"
5TRN,SOLUTION NMR,Solution Structure of a DNA Dodecamer with 8-oxoguanine at the 4th position and 5-methylcytosine at the 9th position,asu,9,A.5CM9,5CM,B.8OG16,8OG,5CM,c-g,WC,cW-W,19-XIX,"[0.426, -0.09, 0.038, -5.923, -14.898, 2.501]"
5UZ1,SOLUTION NMR,Solution Structure of a DNA Dodecamer with 5-methylcytosine at the 3rd position and 8-oxoguanine at the 10th position,asu,3,A.5CM3,5CM,B.8OG22,8OG,5CM,c-g,WC,cW-W,19-XIX,"[0.321, -0.085, 0.148, 1.902, -10.486, 0.06]"
5UZ1,SOLUTION NMR,Solution Structure of a DNA Dodecamer with 5-methylcytosine at the 3rd position and 8-oxoguanine at the 10th position,asu,10,A.8OG10,8OG,B.5CM15,5CM,5CM,g-c,WC,cW-W,19-XIX,"[-0.329, -0.086, 0.146, -2.603, -9.884, -0.079]"
5UZ2,SOLUTION NMR,Solution Structure of a DNA Dodecamer with 5-methylcytosine at the 3rd and 9th position and 8-oxoguanine at the 10th position,asu,3,A.5CM3,5CM,B.8OG22,8OG,5CM,c-g,WC,cW-W,19-XIX,"[0.273, -0.078, 0.2, 0.334, -11.931, -1.193]"
5UZ2,SOLUTION NMR,Solution Structure of a DNA Dodecamer with 5-methylcytosine at the 3rd and 9th position and 8-oxoguanine at the 10th position,asu,10,A.8OG10,8OG,B.5CM15,5CM,5CM,g-c,WC,cW-W,19-XIX,"[-0.265, -0.076, 0.175, -1.069, -12.206, -1.141]"
5UZ3,SOLUTION NMR,Solution Structure of a DNA Dodecamer with 5-methylcytosine at the 9th position and 8-oxoguanine at the 10th position,asu,3,A.DC3,DC,B.8OG22,8OG,DC,C-g,WC,cW-W,19-XIX,"[0.314, -0.109, 0.245, -1.771, -8.399, -0.325]"
5UZ3,SOLUTION NMR,Solution Structure of a DNA Dodecamer with 5-methylcytosine at the 9th position and 8-oxoguanine at the 10th position,asu,10,A.8OG10,8OG,B.DC15,DC,DC,g-C,WC,cW-W,19-XIX,"[-0.322, -0.111, 0.236, 2.339, -7.629, -0.464]"
6ALS,SOLUTION NMR,Solution structure of a DNA dodecamer with 5-methylcytosine at the 3rd and 9th position and 8-oxoguanine at the 4th position,asu,4,A.8OG4,8OG,B.5CM21,5CM,5CM,g-c,WC,cW-W,19-XIX,"[-0.456, -0.107, 0.191, 12.989, -8.553, 0.796]"
6ALS,SOLUTION NMR,Solution structure of a DNA dodecamer with 5-methylcytosine at the 3rd and 9th position and 8-oxoguanine at the 4th position,asu,9,A.5CM9,5CM,B.8OG16,8OG,5CM,c-g,WC,cW-W,19-XIX,"[0.467, -0.108, 0.207, -14.578, -8.501, 0.563]"
6ALU,SOLUTION NMR,Solution structure of a DNA dodecamer with 5-methylcytosine at the 3rd and 8-oxoguanine at the 4th position,asu,4,A.8OG4,8OG,B.DC21,DC,DC,g-C,WC,cW-W,19-XIX,"[-0.332, -0.128, 0.063, 9.298, -12.932, 0.591]"
6ALU,SOLUTION NMR,Solution structure of a DNA dodecamer with 5-methylcytosine at the 3rd and 8-oxoguanine at the 4th position,asu,9,A.DC9,DC,B.8OG16,8OG,DC,C-g,WC,cW-W,19-XIX,"[0.324, -0.13, 0.042, -8.462, -13.763, 0.706]"
6IA0,SOLUTION NMR,Human telomeric G-quadruplex with 8-oxo-G substitution in the central G-quartet,asu,5,A.DG4,DG,A.8OG10,8OG,DG,G+g,--,cW+M,06-VI,"[2.694, 2.201, -0.232, -10.708, 6.086, -99.567]"
6IA0,SOLUTION NMR,Human telomeric G-quadruplex with 8-oxo-G substitution in the central G-quartet,asu,12,A.8OG10,8OG,A.DG16,DG,DG,g+G,--,cW+M,06-VI,"[2.687, 2.928, 0.119, 5.503, -7.202, -80.182]"
6IA4,SOLUTION NMR,Human telomeric G-quadruplex with 8-oxo-G substitution in the outer G-quartet,asu,3,A.DG3,DG,A.8OG21,8OG,DG,G+g,--,cW+M,06-VI,"[2.94, 2.327, 0.044, -6.95, -2.586, -89.187]"
6IA4,SOLUTION NMR,Human telomeric G-quadruplex with 8-oxo-G substitution in the outer G-quartet,asu,14,A.DG17,DG,A.8OG21,8OG,DG,G+g,--,cM+W,06-VI,"[-1.981, -3.321, -0.061, -1.003, 16.885, 88.171]"
6ZX6,SOLUTION NMR,Antiparallel basket-type G-quadruplex DNA structure formed in human Bcl-2 promoter containing 8-oxoG,asu,9,A.DG6,DG,A.8OG19,8OG,DG,G-g,--,tW-M,--,"[3.858, 1.347, -0.333, -8.889, -14.582, -109.822]"
6ZX6,SOLUTION NMR,Antiparallel basket-type G-quadruplex DNA structure formed in human Bcl-2 promoter containing 8-oxoG,asu,19,A.8OG19,8OG,A.DC21,DC,DC,g-C,WC,cW-W,19-XIX,"[-0.343, -0.081, -0.742, -27.168, 3.46, -2.056]"
7WGW,SOLUTION NMR,NMR Solution Structure of a cGMP Fill-in Vacancy G-quadruplex Formed in the Oxidized BLM Gene Promoter,asu,10,X.DG10,DG,X.8OG18,8OG,DG,G+g,--,tW+W,--,"[-3.492, 0.631, -1.856, -10.07, 31.186, 133.903]"
7WGW,SOLUTION NMR,NMR Solution Structure of a cGMP Fill-in Vacancy G-quadruplex Formed in the Oxidized BLM Gene Promoter,asu,15,X.8OG18,8OG,X.DA20,DA,DA,g-A,Sheared,tm-M,11-XI,"[6.419, -4.379, 0.437, 31.461, 1.605, 5.708]"
8BAF,X-RAY DIFFRACTION,Non-canonical quadruplex containing the oxidation product 8-oxoguanine,asu,1,A.8OG1,8OG,A.DC6,DC,DC,g-C,--,cm-m,--,"[-3.305, 8.58, -0.345, -6.615, 34.567, 175.866]"
8BAF,X-RAY DIFFRACTION,Non-canonical quadruplex containing the oxidation product 8-oxoguanine,asu,3,B.8OG1,8OG,B.DC6,DC,DC,g-C,--,cm-m,--,"[-2.994, 8.419, -0.578, -13.713, 32.875, 176.695]"
8BAF,X-RAY DIFFRACTION,Non-canonical quadruplex containing the oxidation product 8-oxoguanine,assembly1,1,A.8OG1,8OG,A.DC6,DC,DC,g-C,--,cm-m,--,"[-3.305, 8.58, -0.345, -6.615, 34.567, 175.866]"
8BAF,X-RAY DIFFRACTION,Non-canonical quadruplex containing the oxidation product 8-oxoguanine,assembly1,2,A.8OG1,8OG,A-2.DC6,DC,DC,g-C,WC,cW-W,19-XIX,"[-0.628, -0.248, 0.175, -13.628, -11.107, -1.465]"
8BAF,X-RAY DIFFRACTION,Non-canonical quadruplex containing the oxidation product 8-oxoguanine,assembly1,7,A.DC6,DC,A-2.8OG1,8OG,DC,C-g,WC,cW-W,19-XIX,"[0.628, -0.248, 0.175, 13.628, -11.107, -1.465]"
8BAF,X-RAY DIFFRACTION,Non-canonical quadruplex containing the oxidation product 8-oxoguanine,assembly1,8,A-2.8OG1,8OG,A-2.DC6,DC,DC,g-C,--,cm-m,--,"[-3.305, 8.58, -0.345, -6.615, 34.567, 175.866]"
8BAG,X-RAY DIFFRACTION,Copper(II) bound to a non-canonical quadruplex containing the damaged base 8-oxoguanine,asu,1,A.8OG1,8OG,A.DC6,DC,DC,g-C,--,cm-m,--,"[-3.255, 8.273, -0.534, -9.148, 36.346, 173.583]"
8BAG,X-RAY DIFFRACTION,Copper(II) bound to a non-canonical quadruplex containing the damaged base 8-oxoguanine,asu,3,B.8OG1,8OG,B.DC6,DC,DC,g-C,--,cm-m,--,"[-3.127, 8.06, -0.605, -18.317, 28.17, 177.419]"
8BAG,X-RAY DIFFRACTION,Copper(II) bound to a non-canonical quadruplex containing the damaged base 8-oxoguanine,assembly1,1,A.8OG1,8OG,A.DC6,DC,DC,g-C,--,cm-m,--,"[-3.255, 8.273, -0.534, -9.148, 36.346, 173.583]"
8BAG,X-RAY DIFFRACTION,Copper(II) bound to a non-canonical quadruplex containing the damaged base 8-oxoguanine,assembly1,2,A.8OG1,8OG,A-2.DC6,DC,DC,g-C,WC,cW-W,19-XIX,"[-0.828, -0.407, 0.059, -15.241, -12.697, -3.472]"
8BAG,X-RAY DIFFRACTION,Copper(II) bound to a non-canonical quadruplex containing the damaged base 8-oxoguanine,assembly1,7,A.DC6,DC,A-2.8OG1,8OG,DC,C-g,WC,cW-W,19-XIX,"[0.828, -0.407, 0.059, 15.241, -12.697, -3.472]"
8BAG,X-RAY DIFFRACTION,Copper(II) bound to a non-canonical quadruplex containing the damaged base 8-oxoguanine,assembly1,8,A-2.8OG1,8OG,A-2.DC6,DC,DC,g-C,--,cm-m,--,"[-3.255, 8.273, -0.534, -9.148, 36.346, 173.583]"
