variant,block,weighting,site,feature_delta_178D_minus_111D_json,D_direct_diagonal,D_direct_mahalanobis,D_diagonal_111D,D_diagonal_178D,delta_D_diagonal_178D_minus_111D,radial_relative_increase_pct_D_diagonal,D_robust_111D,D_robust_178D,delta_D_robust_178D_minus_111D,radial_relative_increase_pct_D_robust,D_mahalanobis_111D,D_mahalanobis_178D,delta_D_mahalanobis_178D_minus_111D,radial_relative_increase_pct_D_mahalanobis
pair_equal,absolute_3,pair_equal,4,"[1.0169999999999995, -7.641000000000005, 3.8359999999999985]",7.703378406075526,8.144600423901988,42.74139526361205,45.69716781375925,2.955772550147202,6.915479787024181,45.67014273390481,47.98154521101411,2.311402477109297,5.061080037731845,40.1108400759465,42.809106823681645,2.698266747735147,6.727026266780268
pair_equal,absolute_3,pair_equal,9,"[0.5589999999999997, -1.9429999999999978, -2.0869999999999997]",3.9996252061437114,4.194155331911587,39.88591528319193,41.99631866315129,2.110403379959365,5.291099288998131,42.59381188077425,44.446964981350774,1.8531531005765274,4.3507566445655295,37.34815599049526,39.331542270229114,1.9833862797338568,5.310533350665584
structure_equal,absolute_3,structure_equal,4,"[1.0169999999999995, -7.641000000000005, 3.8359999999999985]",6.954601309305654,7.981006866342917,37.95201158999702,40.765080092502025,2.813068502505004,7.412172331983695,45.27582615855473,48.19190278775908,2.9160766292043547,6.4406922559343975,33.628868975736474,36.02913747584819,2.4002685001117143,7.137523720597113
structure_equal,absolute_3,structure_equal,9,"[0.5589999999999997, -1.9429999999999978, -2.0869999999999997]",3.6205488278283195,3.954300673062445,35.423669806923094,37.38148353917576,1.9578137322526672,5.526851799725272,42.25683835631121,44.38660795401818,2.129769597706968,5.04005903079798,31.291343815460095,32.98652457891162,1.6951807634515248,5.41741119668369
1D89_excluded,absolute_3,pair_equal,4,"[1.0169999999999995, -7.641000000000005, 3.8359999999999985]",7.342606758261795,8.028520206326068,41.48735150853532,44.070932167141365,2.5835806586060457,6.227393566143932,46.340637087895914,48.44020523636225,2.0995681484663393,4.530727845808453,37.985365884967834,40.18406221173004,2.198696326762203,5.788272076727068
1D89_excluded,absolute_3,pair_equal,9,"[0.5589999999999997, -1.9429999999999978, -2.0869999999999997]",3.795505846068589,4.0232450549223575,38.71324460462067,40.61739480089082,1.9041501962701517,4.918601413333564,43.21879449511543,44.978662179376215,1.759867684260783,4.0719962340913565,35.36613094551873,37.040792379248124,1.6746614337293977,4.735212444666909
3IXN_excluded,absolute_3,pair_equal,4,"[1.0169999999999995, -7.641000000000005, 3.8359999999999985]",8.252109390383334,8.28989918191904,46.53530990994835,49.50605298726898,2.970743077320627,6.383847197041099,46.90767907023672,48.97139794642851,2.0637188761917926,4.399533119303782,46.33304889818441,49.243136369759725,2.9100874715753164,6.2808028842870955
3IXN_excluded,absolute_3,pair_equal,9,"[0.5589999999999997, -1.9429999999999978, -2.0869999999999997]",4.2703981152439,4.368325748086279,43.41929352041995,45.60039274350474,2.181099223084793,5.023341114610788,43.73564001901182,45.49291788208439,1.7572778630725736,4.0179539211240245,43.135046291978355,45.37431545512984,2.2392691631514836,5.1912988524319985
terminal_excluded,absolute_3,pair_equal,4,"[1.0169999999999995, -7.641000000000005, 3.8359999999999985]",7.687284315331482,8.118459728635052,42.48732807515527,45.477732882212685,2.9904048070574163,7.0383451785147075,45.04224077782367,47.35006621968115,2.3078254418574815,5.1236914549636,39.85642027678905,42.59712937342426,2.7407090966352072,6.8764557318543185
terminal_excluded,absolute_3,pair_equal,9,"[0.5589999999999997, -1.9429999999999978, -2.0869999999999997]",3.99434529744692,4.16641047878781,39.64986022407311,41.772771562728416,2.1229113386553067,5.354145832187316,42.00722561957301,43.84809883412733,1.840873214554314,4.382277542501094,37.128796143505156,39.112216830267286,1.9834206867621305,5.342001068647859
high_resolution_le_2.5A,absolute_3,pair_equal,4,"[1.0169999999999995, -7.641000000000005, 3.8359999999999985]",8.178098709311978,8.261234169260986,47.155491397040215,49.791536106434414,2.6360447093941985,5.590111843388942,47.16916502357868,49.07395017174665,1.9047851481679743,4.038199843511794,46.47281776987176,49.04721233327698,2.574394563405221,5.539570628476494
high_resolution_le_2.5A,absolute_3,pair_equal,9,"[0.5589999999999997, -1.9429999999999978, -2.0869999999999997]",4.209906045028215,4.340395786866019,43.984499692578176,46.0162092580156,2.031709565437424,4.619148972109939,43.979459857777165,45.662778391052576,1.6833185332754113,3.8275107032214706,43.28924249781658,45.32967217886908,2.040429681052501,4.713479754595882
pair_equal,signed_6,pair_equal,4,"[1.001, -1.0169999999999995, 0.11299999999999999, -3.218, 3.8359999999999985, -7.641000000000005]",7.409744001491987,7.3788578220087695,32.649183741483206,36.91790523326159,4.268721491778386,13.074512139654686,35.21027076865386,40.176106829629994,4.965836060976137,14.103373682081994,35.55029866481933,40.26939017237625,4.719091507556918,13.27440748684045
pair_equal,signed_6,pair_equal,9,"[0.632, -0.5589999999999997, -0.245, 0.776, -2.0869999999999997, -1.9429999999999978]",4.194299958105134,3.8760013522046695,30.882520286120922,33.19032416246623,2.307803876345311,7.472848248666004,33.34165056636218,35.925677457089755,2.5840268907275714,7.750146878854737,33.80541824022505,36.227027867408445,2.4216096271833933,7.163377213602762
structure_equal,signed_6,structure_equal,4,"[1.001, -1.0169999999999995, 0.11299999999999999, -3.218, 3.8359999999999985, -7.641000000000005]",6.322438938939913,6.971115831053749,27.89366786088492,31.289275166836152,3.3956073059512306,12.17339836010905,37.761374726838426,42.39759423472898,4.6362195078905515,12.277676703850023,31.8423169500061,36.23609732680496,4.393780376798858,13.798557384179347
structure_equal,signed_6,structure_equal,9,"[0.632, -0.5589999999999997, -0.245, 0.776, -2.0869999999999997, -1.9429999999999978]",3.624169958331043,3.466064580213482,26.521262518916394,28.25684570270018,1.7355831837837847,6.544119770112276,35.702633352792354,38.17040788784521,2.467774535052854,6.912023857365821,30.781331307275824,32.44733895757764,1.6660076503018182,5.412396343974966
pair_equal,absolute_6,pair_equal,4,"[0.531, 1.0169999999999995, -0.061, -3.218, 3.8359999999999985, -7.641000000000005]",8.078640978459946,8.682038490987816,42.74790142607349,45.78456993662747,3.03666851055398,7.103666868432064,45.6790597233841,48.25514603911758,2.576086315733477,5.639534463566733,43.997629195655115,47.01009341967195,3.0124642240168384,6.846878522978068
pair_equal,absolute_6,pair_equal,9,"[-0.4600000000000001, 0.5589999999999997, 0.131, 0.776, -2.0869999999999997, -1.9429999999999978]",4.525873487716989,5.287449112332837,39.927980334573625,42.00405237658036,2.076072042006736,5.199541836602904,42.724512900100514,44.451829030223955,1.727316130123441,4.042915911440098,40.80601513539049,43.41859302356218,2.6125778881716926,6.4024332675058
structure_equal,absolute_6,structure_equal,4,"[0.531, 1.0169999999999995, -0.061, -3.218, 3.8359999999999985, -7.641000000000005]",7.322286615931552,8.580552451744635,37.9576210202024,40.84809058762781,2.8904695674254057,7.614991376532777,45.28347985657996,48.41886908797456,3.1353892313945977,6.923914066067533,41.273278892068895,44.11949171842884,2.8462128263599453,6.8960182053936006
structure_equal,absolute_6,structure_equal,9,"[-0.4600000000000001, 0.5589999999999997, 0.131, 0.776, -2.0869999999999997, -1.9429999999999978]",4.134262053186783,5.32842650673982,35.462784082860146,37.389252027793134,1.9264679449329876,5.432365209769548,42.366335295250956,44.39158762961667,2.0252523343657174,4.780334008716439,38.302447492994794,40.66724059622227,2.364793103227477,6.173999986972055
