filename,pdb_id,role,size_bytes,sha256,atom_rows,models,model_count,dna_residue_count,eight_og_residues,altloc_atom_row_count,missing_coordinate_row_count,protein_comp_ids,nonwater_het_comp_ids,other_comp_ids_for_review,target_8og_qc,experimental_method,resolution_A,status,issues
111D.cif,111D,target_or_audit,97360,dc1e545399021de8a069244b048f0b93b79ecff5e437d1af068b9aa43c27873e,552,"[""1""]",1,24,[],0,0,[],[],[],[],X-RAY DIFFRACTION,2.250,PASS,[]
119D.cif,119D,normal_reference_v1,113202,99b75e0ac931966fab3dd31c4fe471175b29dde0d73b48f114ba19464e5e5fbc,624,"[""1""]",1,24,[],0,0,[],"[""MG""]","[""MG""]",[],X-RAY DIFFRACTION,2.250,PASS,[]
158D.cif,158D,normal_reference_v1,101386,a670dcac2c25cc3e0fc2d450cbbca45a0d610b123a4aa9e038a66ee41e38bee0,481,"[""1""]",1,20,[],0,0,[],"[""CA""]","[""CA""]",[],X-RAY DIFFRACTION,1.900,PASS,[]
167D.cif,167D,normal_reference_v1,97278,1639e7fcb6996a4b20803835bc7cb0568469ac1c8b5726833338cec126716238,448,"[""1""]",1,20,[],0,0,[],[],[],[],X-RAY DIFFRACTION,2.300,PASS,[]
178D.cif,178D,target_or_audit,101166,ae6c0c9f836b39c967c60d5c10f1356535e877116b111fb5e7b0b10634292f34,564,"[""1""]",1,24,"[[""1"", ""A"", ""9"", ""8OG""], [""1"", ""B"", ""21"", ""8OG""]]",0,0,[],[],[],"[{""altlocs"": [], ""chain"": ""A"", ""comp_id"": ""8OG"", ""missing_required_base_atoms"": [], ""model"": ""1"", ""seq_id"": ""9""}, {""altlocs"": [], ""chain"": ""B"", ""comp_id"": ""8OG"", ""missing_required_base_atoms"": [], ""model"": ""1"", ""seq_id"": ""21""}]",X-RAY DIFFRACTION,2.500,PASS,[]
183D-assembly1.cif,183D,target_or_audit,62078,e71965166aaafe5ea1bf249246f25bb18816ef63fd0b12bff3cb5638bf371151,492,"[""1""]",1,20,"[[""1"", ""A"", ""4"", ""8OG""], [""1"", ""A-2"", ""4"", ""8OG""]]",0,0,[],[],[],"[{""altlocs"": [], ""chain"": ""A"", ""comp_id"": ""8OG"", ""missing_required_base_atoms"": [], ""model"": ""1"", ""seq_id"": ""4""}, {""altlocs"": [], ""chain"": ""A-2"", ""comp_id"": ""8OG"", ""missing_required_base_atoms"": [], ""model"": ""1"", ""seq_id"": ""4""}]",X-RAY DIFFRACTION,,PASS,[]
183D.cif,183D,target_or_audit,70292,f1aa3a2493e8ce372e00725fa7a02a0a08089820d61a43019425c92bcb837e12,246,"[""1""]",1,10,"[[""1"", ""A"", ""4"", ""8OG""]]",0,0,[],[],[],"[{""altlocs"": [], ""chain"": ""A"", ""comp_id"": ""8OG"", ""missing_required_base_atoms"": [], ""model"": ""1"", ""seq_id"": ""4""}]",X-RAY DIFFRACTION,1.600,PASS,[]
1BNA.cif,1BNA,normal_reference_v1,100712,76d550f32963de46f4f3c63caacb530f91a24f333fbc4312766d240b14e8cf30,566,"[""1""]",1,24,[],0,0,[],[],[],[],X-RAY DIFFRACTION,1.900,PASS,[]
1D29.cif,1D29,normal_reference_v1,105709,6596ebfbfe9886351170b572203d28a213fd960a06e033bed52d3a0295c3dce0,522,"[""1""]",1,24,[],0,0,[],[],[],[],X-RAY DIFFRACTION,2.500,PASS,[]
1D49.cif,1D49,normal_reference_v1,105957,5e1ea709562076adbe11b41e7719f5c63f01fd281f70deb8530b2d04a0265490,519,"[""1""]",1,20,[],0,0,[],"[""MG""]","[""MG""]",[],X-RAY DIFFRACTION,1.500,PASS,[]
1D65.cif,1D65,normal_reference_v1,101067,3f274ee1fc270db5963f3626c9fc994ca58227e3e04ae42c096c4fcc0483c739,557,"[""1""]",1,24,[],0,0,[],[],[],[],X-RAY DIFFRACTION,2.200,PASS,[]
1D89.cif,1D89,normal_reference_v1,208147,1ede9b40dd8dc547a03185236cb0b1487fc2a987072ee5b189f908ae837c8125,1513,"[""1""]",1,72,[],0,0,[],[],[],[],X-RAY DIFFRACTION,2.300,PASS,[]
1D98.cif,1D98,normal_reference_v1,96356,03885e1d0debd2d8a25ab48579e05d785d8205e1b1087f8bd647735c260d53e2,513,"[""1""]",1,24,[],0,0,[],[],[],[],X-RAY DIFFRACTION,2.500,PASS,[]
1DN9.cif,1DN9,normal_reference_v1,96364,289623523e649af85aab488abbf05d84f560ccbe400f5ff995c50de610b9f691,529,"[""1""]",1,24,[],0,0,[],[],[],[],X-RAY DIFFRACTION,2.200,PASS,[]
1JGR.cif,1JGR,normal_reference_v1,210230,4c9150fdd8403b1330af209dafc979c8299886c4aa7addbf1485ac213011a0a6,640,"[""1""]",1,24,[],0,0,[],"[""MG"", ""TL""]","[""MG"", ""TL""]",[],X-RAY DIFFRACTION,1.2,PASS,[]
2BNA.cif,2BNA,normal_reference_v1,99749,1750b422b5097571a660ab1264bbf0fc2daf97a9a163f6171504decb1faaf029,569,"[""1""]",1,24,[],0,0,[],[],[],[],X-RAY DIFFRACTION,2.700,PASS,[]
3BSE.cif,3BSE,normal_reference_v1,147693,bb0ced8048907ae9e550912f1c539a42340b969b4dda1af5b7e6f2127771dcce,867,"[""1""]",1,34,[],0,0,[],"[""CA""]","[""CA""]",[],X-RAY DIFFRACTION,1.6,PASS,[]
3IXN.cif,3IXN,normal_reference_v1,96854,49febc3fdb315a33b6344312dabb7741f42001f360af73dc2be82faf03a8720d,418,"[""1""]",1,20,[],0,0,[],"[""CO""]","[""CO""]",[],X-RAY DIFFRACTION,2.87,PASS,[]
463D.cif,463D,normal_reference_v1,130381,25484d9fa0460d96e40348b78dc8da059dc7bb5abe4cd1b002ccf08a6e0af24d,602,"[""1""]",1,22,[],0,0,[],"[""CA""]","[""CA""]",[],X-RAY DIFFRACTION,1.45,PASS,[]
476D.cif,476D,normal_reference_v1,170140,651cbf908c3d303b8a752de84254349c55e98cacdc518a73670877551c338a0f,579,"[""1""]",1,22,[],10,0,[],"[""CA""]","[""CA""]",[],X-RAY DIFFRACTION,1.30,PASS,[]
477D.cif,477D,normal_reference_v1,117287,c104af8cd60d1be068995abba72154ba91ec19b9d8f647c968ff224a4eb62c3e,611,"[""1""]",1,24,[],14,0,[],"[""CA""]","[""CA""]",[],X-RAY DIFFRACTION,1.70,PASS,[]
4C64.cif,4C64,normal_reference_v1,171254,f0aa31e31fcc2ffa8b4c5556e104663643e5789ece0713fd7540a8e3f5bb23eb,618,"[""1""]",1,24,[],0,0,[],"[""MG""]","[""MG""]",[],X-RAY DIFFRACTION,1.320,PASS,[]
