input_stem,pdb_id,dssr_pair_index,nt1,nt2,bp,pair_type,desired_first_comp,orientation_reversed,orientation_rule,oriented_nt1,oriented_nt2,raw_shear_A,raw_stretch_A,raw_stagger_A,raw_buckle_deg,raw_propeller_deg,raw_opening_deg,oriented_shear_A,oriented_stretch_A,oriented_stagger_A,oriented_buckle_deg,oriented_propeller_deg,oriented_opening_deg
111D,111D,4,A.DA4,B.DG21,A+G,M_plus_N,DG,True,M_plus_N,B.DG21,A.DA4,0.235,4.094,0.087,-3.533,-16.632,-91.983,-0.235,-4.094,-0.087,3.533,16.632,91.983
111D,111D,9,A.DG9,B.DA16,G+A,M_plus_N,DG,False,none,A.DG9,B.DA16,-0.546,-3.869,0.057,1.836,20.675,85.499,-0.546,-3.869,0.057,1.836,20.675,85.499
119D,119D,1,A.DC1,B.DG24,C-G,M_minus_N,DG,True,M_minus_N,B.DG24,A.DC1,0.324,-0.306,0.312,-4.891,-10.521,-1.906,-0.324,-0.306,0.312,4.891,-10.521,-1.906
119D,119D,2,A.DG2,B.DC23,G-C,M_minus_N,DG,False,none,A.DG2,B.DC23,0.114,-0.391,0.604,0.328,-16.744,2.25,0.114,-0.391,0.604,0.328,-16.744,2.25
119D,119D,3,A.DT3,B.DA22,T-A,M_minus_N,DA,True,M_minus_N,B.DA22,A.DT3,-0.323,-0.448,-0.227,4.344,-14.622,6.479,0.323,-0.448,-0.227,-4.344,-14.622,6.479
119D,119D,4,A.DA4,B.DT21,A-T,M_minus_N,DA,False,none,A.DA4,B.DT21,-0.086,-0.236,-0.178,8.07,-1.794,1.819,-0.086,-0.236,-0.178,8.07,-1.794,1.819
119D,119D,5,A.DG5,B.DC20,G-C,M_minus_N,DG,False,none,A.DG5,B.DC20,-0.006,-0.338,0.088,17.913,0.113,-1.102,-0.006,-0.338,0.088,17.913,0.113,-1.102
119D,119D,6,A.DA6,B.DT19,A-T,M_minus_N,DA,False,none,A.DA6,B.DT19,0.106,-0.35,0.047,11.071,-18.834,-5.772,0.106,-0.35,0.047,11.071,-18.834,-5.772
119D,119D,7,A.DT7,B.DA18,T-A,M_minus_N,DA,True,M_minus_N,B.DA18,A.DT7,-0.195,-0.372,0.126,5.348,-19.831,-4.115,0.195,-0.372,0.126,-5.348,-19.831,-4.115
119D,119D,8,A.DC8,B.DG17,C-G,M_minus_N,DG,True,M_minus_N,B.DG17,A.DC8,-0.365,-0.255,0.567,-12.521,-17.567,-0.494,0.365,-0.255,0.567,12.521,-17.567,-0.494
119D,119D,9,A.DT9,B.DA16,T-A,M_minus_N,DA,True,M_minus_N,B.DA16,A.DT9,-0.062,-0.31,-0.14,-7.778,-15.221,1.223,0.062,-0.31,-0.14,7.778,-15.221,1.223
119D,119D,10,A.DA10,B.DT15,A-T,M_minus_N,DA,False,none,A.DA10,B.DT15,0.151,-0.538,0.246,14.772,-4.214,-1.4,0.151,-0.538,0.246,14.772,-4.214,-1.4
119D,119D,11,A.DC11,B.DG14,C-G,M_minus_N,DG,True,M_minus_N,B.DG14,A.DC11,0.066,-0.242,0.042,11.804,-14.565,2.055,-0.066,-0.242,0.042,-11.804,-14.565,2.055
119D,119D,12,A.DG12,B.DC13,G-C,M_minus_N,DG,False,none,A.DG12,B.DC13,-0.174,-0.248,0.081,2.454,-7.347,-3.945,-0.174,-0.248,0.081,2.454,-7.347,-3.945
158D,158D,1,A.DC1,B.DG20,C-G,M_minus_N,DG,True,M_minus_N,B.DG20,A.DC1,0.091,-0.216,0.089,-8.419,-16.118,-0.518,-0.091,-0.216,0.089,8.419,-16.118,-0.518
158D,158D,2,A.DC2,B.DG19,C-G,M_minus_N,DG,True,M_minus_N,B.DG19,A.DC2,0.256,-0.083,0.049,-3.674,-7.949,-3.044,-0.256,-0.083,0.049,3.674,-7.949,-3.044
158D,158D,3,A.DA3,B.DT18,A-T,M_minus_N,DA,False,none,A.DA3,B.DT18,0.153,-0.028,0.169,-1.595,-6.094,2.102,0.153,-0.028,0.169,-1.595,-6.094,2.102
158D,158D,4,A.DA4,B.DT17,A-T,M_minus_N,DA,False,none,A.DA4,B.DT17,0.041,-0.047,0.253,11.017,-9.527,0.745,0.041,-0.047,0.253,11.017,-9.527,0.745
158D,158D,5,A.DG5,B.DC16,G-C,M_minus_N,DG,False,none,A.DG5,B.DC16,-0.057,-0.074,0.432,11.759,-8.242,0.734,-0.057,-0.074,0.432,11.759,-8.242,0.734
158D,158D,6,A.DC6,B.DG15,C-G,M_minus_N,DG,True,M_minus_N,B.DG15,A.DC6,0.183,0.005,0.148,-7.997,-14.064,0.207,-0.183,0.005,0.148,7.997,-14.064,0.207
158D,158D,7,A.DT7,B.DA14,T-A,M_minus_N,DA,True,M_minus_N,B.DA14,A.DT7,-0.226,-0.132,0.316,-13.231,-11.996,2.483,0.226,-0.132,0.316,13.231,-11.996,2.483
158D,158D,8,A.DT8,B.DA13,T-A,M_minus_N,DA,True,M_minus_N,B.DA13,A.DT8,0.045,-0.085,0.291,-6.781,-9.816,2.106,-0.045,-0.085,0.291,6.781,-9.816,2.106
158D,158D,9,A.DG9,B.DC12,G-C,M_minus_N,DG,False,none,A.DG9,B.DC12,-0.292,-0.308,0.007,-1.184,-7.629,-2.881,-0.292,-0.308,0.007,-1.184,-7.629,-2.881
158D,158D,10,A.DG10,B.DC11,G-C,M_minus_N,DG,False,none,A.DG10,B.DC11,0.072,-0.221,0.213,7.963,-16.712,-1.138,0.072,-0.221,0.213,7.963,-16.712,-1.138
167D,167D,1,A.DC1,B.DG20,C-G,M_minus_N,DG,True,M_minus_N,B.DG20,A.DC1,0.454,-0.489,0.186,-3.894,-12.825,-3.33,-0.454,-0.489,0.186,3.894,-12.825,-3.33
167D,167D,2,A.DC2,B.DG19,C-G,M_minus_N,DG,True,M_minus_N,B.DG19,A.DC2,0.288,-0.447,-0.201,8.521,-15.688,-7.01,-0.288,-0.447,-0.201,-8.521,-15.688,-7.01
167D,167D,3,A.DA3,B.DT18,A-T,M_minus_N,DA,False,none,A.DA3,B.DT18,0.119,-0.202,-0.03,1.23,-11.598,-4.032,0.119,-0.202,-0.03,1.23,-11.598,-4.032
167D,167D,4,A.DT4,B.DA17,T-A,M_minus_N,DA,True,M_minus_N,B.DA17,A.DT4,-0.311,-0.268,0.086,0.667,-16.481,-4.591,0.311,-0.268,0.086,-0.667,-16.481,-4.591
167D,167D,5,A.DT5,B.DA16,T-A,M_minus_N,DA,True,M_minus_N,B.DA16,A.DT5,0.427,-0.241,-0.12,5.768,-16.253,2.441,-0.427,-0.241,-0.12,-5.768,-16.253,2.441
167D,167D,6,A.DA6,B.DT15,A-T,M_minus_N,DA,False,none,A.DA6,B.DT15,-0.16,-0.369,-0.072,-7.006,-17.543,6.118,-0.16,-0.369,-0.072,-7.006,-17.543,6.118
167D,167D,7,A.DA7,B.DT14,A-T,M_minus_N,DA,False,none,A.DA7,B.DT14,-0.403,-0.058,0.635,2.143,-13.0,1.689,-0.403,-0.058,0.635,2.143,-13.0,1.689
167D,167D,8,A.DT8,B.DA13,T-A,M_minus_N,DA,True,M_minus_N,B.DA13,A.DT8,0.056,-0.328,-0.093,-5.239,-19.076,3.383,-0.056,-0.328,-0.093,5.239,-19.076,3.383
167D,167D,9,A.DG9,B.DC12,G-C,M_minus_N,DG,False,none,A.DG9,B.DC12,0.646,-0.148,0.088,1.747,-7.474,-6.431,0.646,-0.148,0.088,1.747,-7.474,-6.431
167D,167D,10,A.DG10,B.DC11,G-C,M_minus_N,DG,False,none,A.DG10,B.DC11,-0.043,-0.107,0.089,6.514,-12.448,1.703,-0.043,-0.107,0.089,6.514,-12.448,1.703
178D,178D,4,A.DA4,B.8OG21,A+g,M_plus_N,8OG,True,M_plus_N,B.8OG21,A.DA4,-0.766,5.111,-0.026,-0.315,-20.468,-84.342,0.766,-5.111,0.026,0.315,20.468,84.342
178D,178D,9,A.8OG9,B.DA16,g+A,M_plus_N,8OG,False,none,A.8OG9,B.DA16,0.086,-4.428,-0.188,2.612,18.588,83.556,0.086,-4.428,-0.188,2.612,18.588,83.556
183D-assembly1,183D,4,A.8OG4,A-2.DC7,g-C,M_minus_N,8OG,False,none,A.8OG4,A-2.DC7,-0.014,-0.125,0.467,2.462,-6.679,-3.93,-0.014,-0.125,0.467,2.462,-6.679,-3.93
183D-assembly1,183D,7,A.DC7,A-2.8OG4,C-g,M_minus_N,8OG,True,M_minus_N,A-2.8OG4,A.DC7,0.014,-0.125,0.467,-2.462,-6.679,-3.93,-0.014,-0.125,0.467,2.462,-6.679,-3.93
1BNA,1BNA,1,A.DC1,B.DG24,C-G,M_minus_N,DG,True,M_minus_N,B.DG24,A.DC1,-0.422,-0.268,0.06,2.762,-14.2,-3.666,0.422,-0.268,0.06,-2.762,-14.2,-3.666
1BNA,1BNA,2,A.DG2,B.DC23,G-C,M_minus_N,DG,False,none,A.DG2,B.DC23,-0.024,-0.266,0.249,-4.455,-10.846,-4.022,-0.024,-0.266,0.249,-4.455,-10.846,-4.022
1BNA,1BNA,3,A.DC3,B.DG22,C-G,M_minus_N,DG,True,M_minus_N,B.DG22,A.DC3,0.003,-0.248,0.213,-6.94,-3.928,-2.346,-0.003,-0.248,0.213,6.94,-3.928,-2.346
1BNA,1BNA,4,A.DG4,B.DC21,G-C,M_minus_N,DG,False,none,A.DG4,B.DC21,-0.371,-0.442,-0.18,9.308,-10.394,-1.297,-0.371,-0.442,-0.18,9.308,-10.394,-1.297
1BNA,1BNA,5,A.DA5,B.DT20,A-T,M_minus_N,DA,False,none,A.DA5,B.DT20,0.272,-0.222,0.035,5.035,-16.362,1.835,0.272,-0.222,0.035,5.035,-16.362,1.835
1BNA,1BNA,6,A.DA6,B.DT19,A-T,M_minus_N,DA,False,none,A.DA6,B.DT19,-0.092,-0.042,0.166,3.544,-18.13,5.558,-0.092,-0.042,0.166,3.544,-18.13,5.558
1BNA,1BNA,7,A.DT7,B.DA18,T-A,M_minus_N,DA,True,M_minus_N,B.DA18,A.DT7,0.317,-0.117,0.133,0.829,-17.701,7.931,-0.317,-0.117,0.133,-0.829,-17.701,7.931
1BNA,1BNA,8,A.DT8,B.DA17,T-A,M_minus_N,DA,True,M_minus_N,B.DA17,A.DT8,0.249,-0.215,-0.099,-1.329,-17.674,0.828,-0.249,-0.215,-0.099,1.329,-17.674,0.828
1BNA,1BNA,9,A.DC9,B.DG16,C-G,M_minus_N,DG,True,M_minus_N,B.DG16,A.DC9,-0.019,-0.251,-0.06,-10.176,-17.254,-0.867,0.019,-0.251,-0.06,10.176,-17.254,-0.867
1BNA,1BNA,10,A.DG10,B.DC15,G-C,M_minus_N,DG,False,none,A.DG10,B.DC15,0.087,-0.278,0.272,1.665,-5.307,-1.129,0.087,-0.278,0.272,1.665,-5.307,-1.129
1BNA,1BNA,11,A.DC11,B.DG14,C-G,M_minus_N,DG,True,M_minus_N,B.DG14,A.DC11,0.069,-0.284,0.586,-3.958,-18.046,-5.616,-0.069,-0.284,0.586,3.958,-18.046,-5.616
1BNA,1BNA,12,A.DG12,B.DC13,G-C,M_minus_N,DG,False,none,A.DG12,B.DC13,-0.529,-0.109,0.261,6.598,1.957,-3.864,-0.529,-0.109,0.261,6.598,1.957,-3.864
1D29,1D29,1,A.DC1,B.DG24,C-G,M_minus_N,DG,True,M_minus_N,B.DG24,A.DC1,-0.396,-0.148,-0.101,3.493,-11.837,-6.692,0.396,-0.148,-0.101,-3.493,-11.837,-6.692
1D29,1D29,2,A.DG2,B.DC23,G-C,M_minus_N,DG,False,none,A.DG2,B.DC23,-0.253,-0.325,0.044,-7.026,-13.598,-11.802,-0.253,-0.325,0.044,-7.026,-13.598,-11.802
1D29,1D29,3,A.DT3,B.DA22,T-A,M_minus_N,DA,True,M_minus_N,B.DA22,A.DT3,-0.173,-0.561,0.188,-5.645,-10.969,-7.793,0.173,-0.561,0.188,5.645,-10.969,-7.793
1D29,1D29,4,A.DG4,B.DC21,G-C,M_minus_N,DG,False,none,A.DG4,B.DC21,-0.527,-0.562,-0.122,7.209,-11.466,-0.335,-0.527,-0.562,-0.122,7.209,-11.466,-0.335
1D29,1D29,5,A.DA5,B.DT20,A-T,M_minus_N,DA,False,none,A.DA5,B.DT20,0.68,-0.38,-0.265,4.26,-12.171,6.812,0.68,-0.38,-0.265,4.26,-12.171,6.812
1D29,1D29,6,A.DA6,B.DT19,A-T,M_minus_N,DA,False,none,A.DA6,B.DT19,0.084,0.06,-0.011,2.831,-18.583,-3.002,0.084,0.06,-0.011,2.831,-18.583,-3.002
1D29,1D29,7,A.DT7,B.DA18,T-A,M_minus_N,DA,True,M_minus_N,B.DA18,A.DT7,0.414,-0.008,-0.229,0.947,-21.345,2.338,-0.414,-0.008,-0.229,-0.947,-21.345,2.338
1D29,1D29,8,A.DT8,B.DA17,T-A,M_minus_N,DA,True,M_minus_N,B.DA17,A.DT8,0.321,-0.47,-0.134,0.659,-18.327,5.65,-0.321,-0.47,-0.134,-0.659,-18.327,5.65
1D29,1D29,9,A.DC9,B.DG16,C-G,M_minus_N,DG,True,M_minus_N,B.DG16,A.DC9,0.393,-0.412,-0.35,-8.387,-18.68,-3.77,-0.393,-0.412,-0.35,8.387,-18.68,-3.77
1D29,1D29,10,A.DA10,B.DT15,A-T,M_minus_N,DA,False,none,A.DA10,B.DT15,0.092,-0.279,0.333,-0.231,-15.295,5.494,0.092,-0.279,0.333,-0.231,-15.295,5.494
1D29,1D29,11,A.DC11,B.DG14,C-G,M_minus_N,DG,True,M_minus_N,B.DG14,A.DC11,-0.171,-0.44,0.515,3.348,-16.27,-8.103,0.171,-0.44,0.515,-3.348,-16.27,-8.103
1D29,1D29,12,A.DG12,B.DC13,G-C,M_minus_N,DG,False,none,A.DG12,B.DC13,-0.118,-0.467,0.117,3.307,-4.505,-7.902,-0.118,-0.467,0.117,3.307,-4.505,-7.902
1D49,1D49,1,A.DC1,B.DG20,C-G,M_minus_N,DG,True,M_minus_N,B.DG20,A.DC1,-0.204,-0.345,0.073,5.081,-1.734,-3.331,0.204,-0.345,0.073,-5.081,-1.734,-3.331
1D49,1D49,2,A.DG2,B.DC19,G-C,M_minus_N,DG,False,none,A.DG2,B.DC19,0.012,-0.242,0.582,14.271,-13.39,-3.757,0.012,-0.242,0.582,14.271,-13.39,-3.757
1D49,1D49,3,A.DA3,B.DT18,A-T,M_minus_N,DA,False,none,A.DA3,B.DT18,0.156,-0.188,0.055,0.922,-12.056,-1.353,0.156,-0.188,0.055,0.922,-12.056,-1.353
1D49,1D49,4,A.DT4,B.DA17,T-A,M_minus_N,DA,True,M_minus_N,B.DA17,A.DT4,-0.098,-0.272,0.311,2.552,-20.029,2.69,0.098,-0.272,0.311,-2.552,-20.029,2.69
1D49,1D49,5,A.DT5,B.DA16,T-A,M_minus_N,DA,True,M_minus_N,B.DA16,A.DT5,-0.477,-0.187,0.141,-1.356,-11.732,6.56,0.477,-0.187,0.141,1.356,-11.732,6.56
1D49,1D49,6,A.DA6,B.DT15,A-T,M_minus_N,DA,False,none,A.DA6,B.DT15,0.267,-0.078,-0.008,9.011,-10.7,5.662,0.267,-0.078,-0.008,9.011,-10.7,5.662
1D49,1D49,7,A.DA7,B.DT14,A-T,M_minus_N,DA,False,none,A.DA7,B.DT14,0.217,-0.03,0.032,-0.864,-14.327,-1.121,0.217,-0.03,0.032,-0.864,-14.327,-1.121
1D49,1D49,8,A.DT8,B.DA13,T-A,M_minus_N,DA,True,M_minus_N,B.DA13,A.DT8,-0.089,-0.009,0.018,1.431,-14.614,6.352,0.089,-0.009,0.018,-1.431,-14.614,6.352
1D49,1D49,9,A.DC9,B.DG12,C-G,M_minus_N,DG,True,M_minus_N,B.DG12,A.DC9,0.172,-0.233,0.146,-6.072,-17.053,-1.879,-0.172,-0.233,0.146,6.072,-17.053,-1.879
1D49,1D49,10,A.DG10,B.DC11,G-C,M_minus_N,DG,False,none,A.DG10,B.DC11,0.251,-0.125,0.253,1.897,2.745,-1.155,0.251,-0.125,0.253,1.897,2.745,-1.155
1D65,1D65,1,A.DC1,B.DG24,C-G,M_minus_N,DG,True,M_minus_N,B.DG24,A.DC1,-0.078,-0.123,0.265,-6.68,-17.852,-0.428,0.078,-0.123,0.265,6.68,-17.852,-0.428
1D65,1D65,2,A.DG2,B.DC23,G-C,M_minus_N,DG,False,none,A.DG2,B.DC23,-0.292,-0.178,-0.063,-4.715,-12.656,-4.383,-0.292,-0.178,-0.063,-4.715,-12.656,-4.383
1D65,1D65,3,A.DC3,B.DG22,C-G,M_minus_N,DG,True,M_minus_N,B.DG22,A.DC3,0.002,-0.072,0.096,-7.276,-6.814,-0.046,-0.002,-0.072,0.096,7.276,-6.814,-0.046
1D65,1D65,4,A.DA4,B.DT21,A-T,M_minus_N,DA,False,none,A.DA4,B.DT21,0.189,0.0,-0.425,11.988,-11.846,-3.691,0.189,0.0,-0.425,11.988,-11.846,-3.691
1D65,1D65,5,A.DA5,B.DT20,A-T,M_minus_N,DA,False,none,A.DA5,B.DT20,0.08,-0.079,-0.055,6.525,-19.664,-2.798,0.08,-0.079,-0.055,6.525,-19.664,-2.798
1D65,1D65,6,A.DA6,B.DT19,A-T,M_minus_N,DA,False,none,A.DA6,B.DT19,0.042,-0.166,0.28,4.408,-20.294,-0.101,0.042,-0.166,0.28,4.408,-20.294,-0.101
1D65,1D65,7,A.DT7,B.DA18,T-A,M_minus_N,DA,True,M_minus_N,B.DA18,A.DT7,-0.176,-0.076,0.071,1.988,-15.124,-0.329,0.176,-0.076,0.071,-1.988,-15.124,-0.329
1D65,1D65,8,A.DT8,B.DA17,T-A,M_minus_N,DA,True,M_minus_N,B.DA17,A.DT8,0.235,-0.157,0.099,-7.423,-18.014,-3.265,-0.235,-0.157,0.099,7.423,-18.014,-3.265
1D65,1D65,9,A.DT9,B.DA16,T-A,M_minus_N,DA,True,M_minus_N,B.DA16,A.DT9,0.09,-0.12,-0.279,-4.851,-14.596,-2.679,-0.09,-0.12,-0.279,4.851,-14.596,-2.679
1D65,1D65,10,A.DG10,B.DC15,G-C,M_minus_N,DG,False,none,A.DG10,B.DC15,-0.057,-0.095,0.265,9.03,0.261,0.825,-0.057,-0.095,0.265,9.03,0.261,0.825
1D65,1D65,11,A.DC11,B.DG14,C-G,M_minus_N,DG,True,M_minus_N,B.DG14,A.DC11,0.274,-0.237,0.192,5.513,-17.886,-6.768,-0.274,-0.237,0.192,-5.513,-17.886,-6.768
1D65,1D65,12,A.DG12,B.DC13,G-C,M_minus_N,DG,False,none,A.DG12,B.DC13,-0.208,-0.194,-0.067,5.608,13.365,-4.7,-0.208,-0.194,-0.067,5.608,13.365,-4.7
1D89,1D89,1,A.DC1,B.DG24,C-G,M_minus_N,DG,True,M_minus_N,B.DG24,A.DC1,0.611,-0.509,0.044,-6.229,-26.082,-2.196,-0.611,-0.509,0.044,6.229,-26.082,-2.196
1D89,1D89,2,A.DG2,B.DC23,G-C,M_minus_N,DG,False,none,A.DG2,B.DC23,-0.915,-0.481,-0.223,-10.948,-15.887,-1.935,-0.915,-0.481,-0.223,-10.948,-15.887,-1.935
1D89,1D89,3,A.DC3,B.DG22,C-G,M_minus_N,DG,True,M_minus_N,B.DG22,A.DC3,0.514,-0.23,0.448,-5.936,-17.862,2.299,-0.514,-0.23,0.448,5.936,-17.862,2.299
1D89,1D89,4,A.DG4,B.DC21,G-C,M_minus_N,DG,False,none,A.DG4,B.DC21,-0.333,-0.317,0.18,9.924,-12.293,-3.663,-0.333,-0.317,0.18,9.924,-12.293,-3.663
1D89,1D89,5,A.DA5,B.DT20,A-T,M_minus_N,DA,False,none,A.DA5,B.DT20,0.022,-0.229,0.683,11.894,-17.271,3.327,0.022,-0.229,0.683,11.894,-17.271,3.327
1D89,1D89,6,A.DA6,B.DT19,A-T,M_minus_N,DA,False,none,A.DA6,B.DT19,-0.139,-0.353,0.401,7.971,-14.841,0.371,-0.139,-0.353,0.401,7.971,-14.841,0.371
1D89,1D89,7,A.DA7,B.DT18,A-T,M_minus_N,DA,False,none,A.DA7,B.DT18,0.16,-0.342,0.163,2.18,-17.536,0.912,0.16,-0.342,0.163,2.18,-17.536,0.912
1D89,1D89,8,A.DA8,B.DT17,A-T,M_minus_N,DA,False,none,A.DA8,B.DT17,0.141,-0.255,-0.461,-5.459,-18.456,5.312,0.141,-0.255,-0.461,-5.459,-18.456,5.312
1D89,1D89,9,A.DA9,B.DT16,A-T,M_minus_N,DA,False,none,A.DA9,B.DT16,-0.126,-0.267,-0.757,-8.832,-17.673,-0.944,-0.126,-0.267,-0.757,-8.832,-17.673,-0.944
1D89,1D89,10,A.DA10,B.DT15,A-T,M_minus_N,DA,False,none,A.DA10,B.DT15,-0.079,-0.117,0.268,2.517,-13.657,4.993,-0.079,-0.117,0.268,2.517,-13.657,4.993
1D89,1D89,11,A.DC11,B.DG14,C-G,M_minus_N,DG,True,M_minus_N,B.DG14,A.DC11,0.772,-0.483,-0.168,11.989,-19.864,-1.518,-0.772,-0.483,-0.168,-11.989,-19.864,-1.518
1D89,1D89,12,A.DG12,B.DC13,G-C,M_minus_N,DG,False,none,A.DG12,B.DC13,-0.622,-0.463,-0.034,-11.553,-7.018,-3.943,-0.622,-0.463,-0.034,-11.553,-7.018,-3.943
1D89,1D89,13,C.DC25,D.DG48,C-G,M_minus_N,DG,True,M_minus_N,D.DG48,C.DC25,0.14,-0.397,0.294,-4.446,-26.185,-2.244,-0.14,-0.397,0.294,4.446,-26.185,-2.244
1D89,1D89,14,C.DG26,D.DC47,G-C,M_minus_N,DG,False,none,C.DG26,D.DC47,-0.49,-0.388,0.089,1.827,-9.465,-2.943,-0.49,-0.388,0.089,1.827,-9.465,-2.943
1D89,1D89,15,C.DC27,D.DG46,C-G,M_minus_N,DG,True,M_minus_N,D.DG46,C.DC27,0.086,-0.186,-0.102,17.737,-12.225,1.186,-0.086,-0.186,-0.102,-17.737,-12.225,1.186
1D89,1D89,16,C.DG28,D.DC45,G-C,M_minus_N,DG,False,none,C.DG28,D.DC45,-0.678,-0.467,-0.018,11.499,-12.974,-1.883,-0.678,-0.467,-0.018,11.499,-12.974,-1.883
1D89,1D89,17,C.DA29,D.DT44,A-T,M_minus_N,DA,False,none,C.DA29,D.DT44,-0.223,-0.362,0.865,14.509,-19.896,4.927,-0.223,-0.362,0.865,14.509,-19.896,4.927
1D89,1D89,18,C.DA30,D.DT43,A-T,M_minus_N,DA,False,none,C.DA30,D.DT43,0.144,-0.25,-0.185,3.421,-27.456,-5.882,0.144,-0.25,-0.185,3.421,-27.456,-5.882
1D89,1D89,19,C.DA31,D.DT42,A-T,M_minus_N,DA,False,none,C.DA31,D.DT42,0.204,-0.286,0.291,3.325,-26.727,-0.594,0.204,-0.286,0.291,3.325,-26.727,-0.594
1D89,1D89,20,C.DA32,D.DT41,A-T,M_minus_N,DA,False,none,C.DA32,D.DT41,0.383,-0.199,-0.325,-3.917,-26.526,-3.961,0.383,-0.199,-0.325,-3.917,-26.526,-3.961
1D89,1D89,21,C.DA33,D.DT40,A-T,M_minus_N,DA,False,none,C.DA33,D.DT40,-0.347,-0.215,-0.424,-12.377,-23.475,9.5,-0.347,-0.215,-0.424,-12.377,-23.475,9.5
1D89,1D89,22,C.DA34,D.DT39,A-T,M_minus_N,DA,False,none,C.DA34,D.DT39,0.102,-0.254,0.281,-5.907,-27.093,6.683,0.102,-0.254,0.281,-5.907,-27.093,6.683
1D89,1D89,23,C.DC35,D.DG38,C-G,M_minus_N,DG,True,M_minus_N,D.DG38,C.DC35,1.358,-0.526,0.042,-4.153,-13.906,2.919,-1.358,-0.526,0.042,4.153,-13.906,2.919
1D89,1D89,24,C.DG36,D.DC37,G-C,M_minus_N,DG,False,none,C.DG36,D.DC37,-0.61,-0.449,0.036,0.025,8.754,-2.272,-0.61,-0.449,0.036,0.025,8.754,-2.272
1D89,1D89,25,E.DC49,F.DG72,C-G,M_minus_N,DG,True,M_minus_N,F.DG72,E.DC49,0.425,-0.38,0.539,-17.285,-17.035,-3.853,-0.425,-0.38,0.539,17.285,-17.035,-3.853
1D89,1D89,26,E.DG50,F.DC71,G-C,M_minus_N,DG,False,none,E.DG50,F.DC71,-0.31,-0.335,-0.11,-10.261,-17.836,-3.901,-0.31,-0.335,-0.11,-10.261,-17.836,-3.901
1D89,1D89,27,E.DC51,F.DG70,C-G,M_minus_N,DG,True,M_minus_N,F.DG70,E.DC51,0.223,0.084,-0.107,6.391,-9.236,8.299,-0.223,0.084,-0.107,-6.391,-9.236,8.299
1D89,1D89,28,E.DG52,F.DC69,G-C,M_minus_N,DG,False,none,E.DG52,F.DC69,-0.501,-0.382,-0.161,13.545,-14.667,2.591,-0.501,-0.382,-0.161,13.545,-14.667,2.591
1D89,1D89,29,E.DA53,F.DT68,A-T,M_minus_N,DA,False,none,E.DA53,F.DT68,0.037,-0.246,0.176,15.218,-21.186,-0.516,0.037,-0.246,0.176,15.218,-21.186,-0.516
1D89,1D89,30,E.DA54,F.DT67,A-T,M_minus_N,DA,False,none,E.DA54,F.DT67,0.357,-0.194,0.302,9.579,-28.262,-3.313,0.357,-0.194,0.302,9.579,-28.262,-3.313
1D89,1D89,31,E.DA55,F.DT66,A-T,M_minus_N,DA,False,none,E.DA55,F.DT66,0.238,-0.122,0.169,1.546,-22.0,-2.251,0.238,-0.122,0.169,1.546,-22.0,-2.251
1D89,1D89,32,E.DA56,F.DT65,A-T,M_minus_N,DA,False,none,E.DA56,F.DT65,0.214,-0.315,0.349,0.581,-23.501,-3.343,0.214,-0.315,0.349,0.581,-23.501,-3.343
1D89,1D89,33,E.DA57,F.DT64,A-T,M_minus_N,DA,False,none,E.DA57,F.DT64,0.231,-0.208,0.057,-4.527,-22.678,-0.962,0.231,-0.208,0.057,-4.527,-22.678,-0.962
1D89,1D89,34,E.DA58,F.DT63,A-T,M_minus_N,DA,False,none,E.DA58,F.DT63,-0.127,-0.113,0.244,4.45,-23.934,4.571,-0.127,-0.113,0.244,4.45,-23.934,4.571
1D89,1D89,35,E.DC59,F.DG62,C-G,M_minus_N,DG,True,M_minus_N,F.DG62,E.DC59,0.858,-0.303,0.033,17.07,-18.897,-1.788,-0.858,-0.303,0.033,-17.07,-18.897,-1.788
1D89,1D89,36,E.DG60,F.DC61,G-C,M_minus_N,DG,False,none,E.DG60,F.DC61,-0.743,-0.301,0.228,4.455,5.643,-0.193,-0.743,-0.301,0.228,4.455,5.643,-0.193
1D98,1D98,1,A.DC1,B.DG24,C-G,M_minus_N,DG,True,M_minus_N,B.DG24,A.DC1,-1.008,-0.03,-0.414,15.047,-15.586,-12.036,1.008,-0.03,-0.414,-15.047,-15.586,-12.036
1D98,1D98,2,A.DG2,B.DC23,G-C,M_minus_N,DG,False,none,A.DG2,B.DC23,-0.674,-0.459,0.071,-2.231,-12.803,-2.09,-0.674,-0.459,0.071,-2.231,-12.803,-2.09
1D98,1D98,3,A.DC3,B.DG22,C-G,M_minus_N,DG,True,M_minus_N,B.DG22,A.DC3,-0.103,-0.324,0.068,-10.688,-1.438,-5.011,0.103,-0.324,0.068,10.688,-1.438,-5.011
1D98,1D98,4,A.DA4,B.DT21,A-T,M_minus_N,DA,False,none,A.DA4,B.DT21,0.849,-0.351,0.009,7.102,-13.914,-2.124,0.849,-0.351,0.009,7.102,-13.914,-2.124
1D98,1D98,5,A.DA5,B.DT20,A-T,M_minus_N,DA,False,none,A.DA5,B.DT20,0.235,-0.134,0.214,7.571,-22.403,-0.272,0.235,-0.134,0.214,7.571,-22.403,-0.272
1D98,1D98,6,A.DA6,B.DT19,A-T,M_minus_N,DA,False,none,A.DA6,B.DT19,1.207,-0.287,0.126,4.493,-25.687,0.061,1.207,-0.287,0.126,4.493,-25.687,0.061
1D98,1D98,7,A.DA7,B.DT18,A-T,M_minus_N,DA,False,none,A.DA7,B.DT18,-0.246,-0.337,-0.526,-5.234,-22.06,-3.245,-0.246,-0.337,-0.526,-5.234,-22.06,-3.245
1D98,1D98,8,A.DA8,B.DT17,A-T,M_minus_N,DA,False,none,A.DA8,B.DT17,0.199,-0.297,0.284,-4.032,-17.949,-1.076,0.199,-0.297,0.284,-4.032,-17.949,-1.076
1D98,1D98,9,A.DA9,B.DT16,A-T,M_minus_N,DA,False,none,A.DA9,B.DT16,1.087,-0.334,-0.442,-4.66,-18.258,-5.985,1.087,-0.334,-0.442,-4.66,-18.258,-5.985
1D98,1D98,10,A.DG10,B.DC15,G-C,M_minus_N,DG,False,none,A.DG10,B.DC15,0.577,-0.218,0.294,1.235,-10.53,-7.868,0.577,-0.218,0.294,1.235,-10.53,-7.868
1D98,1D98,11,A.DC11,B.DG14,C-G,M_minus_N,DG,True,M_minus_N,B.DG14,A.DC11,0.241,-0.171,0.395,-0.404,-15.089,-6.976,-0.241,-0.171,0.395,0.404,-15.089,-6.976
1D98,1D98,12,A.DG12,B.DC13,G-C,M_minus_N,DG,False,none,A.DG12,B.DC13,-0.81,-0.544,-0.024,-4.478,-5.043,-10.764,-0.81,-0.544,-0.024,-4.478,-5.043,-10.764
1DN9,1DN9,1,A.DC1,B.DG24,C-G,M_minus_N,DG,True,M_minus_N,B.DG24,A.DC1,1.025,-0.31,-0.237,17.875,-10.719,-1.353,-1.025,-0.31,-0.237,-17.875,-10.719,-1.353
1DN9,1DN9,2,A.DG2,B.DC23,G-C,M_minus_N,DG,False,none,A.DG2,B.DC23,-0.557,-0.127,0.27,-2.362,-6.328,3.073,-0.557,-0.127,0.27,-2.362,-6.328,3.073
1DN9,1DN9,3,A.DC3,B.DG22,C-G,M_minus_N,DG,True,M_minus_N,B.DG22,A.DC3,-0.174,-0.383,0.233,-5.098,-7.72,1.697,0.174,-0.383,0.233,5.098,-7.72,1.697
1DN9,1DN9,4,A.DA4,B.DT21,A-T,M_minus_N,DA,False,none,A.DA4,B.DT21,-0.547,-0.486,0.024,3.316,-7.976,3.993,-0.547,-0.486,0.024,3.316,-7.976,3.993
1DN9,1DN9,5,A.DT5,B.DA20,T-A,M_minus_N,DA,True,M_minus_N,B.DA20,A.DT5,-0.305,-0.335,0.663,6.345,-8.497,4.62,0.305,-0.335,0.663,-6.345,-8.497,4.62
1DN9,1DN9,6,A.DA6,B.DT19,A-T,M_minus_N,DA,False,none,A.DA6,B.DT19,-1.231,0.012,0.187,-14.03,-18.35,-1.404,-1.231,0.012,0.187,-14.03,-18.35,-1.404
1DN9,1DN9,7,A.DT7,B.DA18,T-A,M_minus_N,DA,True,M_minus_N,B.DA18,A.DT7,-0.466,0.029,0.366,-3.245,-12.422,15.061,0.466,0.029,0.366,3.245,-12.422,15.061
1DN9,1DN9,8,A.DA8,B.DT17,A-T,M_minus_N,DA,False,none,A.DA8,B.DT17,-0.122,-0.421,-0.105,-8.405,-19.634,-1.713,-0.122,-0.421,-0.105,-8.405,-19.634,-1.713
1DN9,1DN9,9,A.DT9,B.DA16,T-A,M_minus_N,DA,True,M_minus_N,B.DA16,A.DT9,0.408,-0.27,0.114,-2.459,-20.988,4.292,-0.408,-0.27,0.114,2.459,-20.988,4.292
1DN9,1DN9,10,A.DG10,B.DC15,G-C,M_minus_N,DG,False,none,A.DG10,B.DC15,-0.985,-0.551,0.168,1.558,-8.892,-0.209,-0.985,-0.551,0.168,1.558,-8.892,-0.209
1DN9,1DN9,11,A.DC11,B.DG14,C-G,M_minus_N,DG,True,M_minus_N,B.DG14,A.DC11,0.614,-0.473,0.696,0.044,-23.293,-6.143,-0.614,-0.473,0.696,-0.044,-23.293,-6.143
1DN9,1DN9,12,A.DG12,B.DC13,G-C,M_minus_N,DG,False,none,A.DG12,B.DC13,0.343,-0.201,-0.664,7.043,22.732,-5.0,0.343,-0.201,-0.664,7.043,22.732,-5.0
1JGR,1JGR,1,A.DC1001,B.DG2012,C-G,M_minus_N,DG,True,M_minus_N,B.DG2012,A.DC1001,0.25,-0.062,-0.013,7.54,-15.082,-0.723,-0.25,-0.062,-0.013,-7.54,-15.082,-0.723
1JGR,1JGR,2,A.DG1002,B.DC2011,G-C,M_minus_N,DG,False,none,A.DG1002,B.DC2011,-0.281,-0.106,0.405,7.082,-13.658,-2.098,-0.281,-0.106,0.405,7.082,-13.658,-2.098
1JGR,1JGR,3,A.DC1003,B.DG2010,C-G,M_minus_N,DG,True,M_minus_N,B.DG2010,A.DC1003,0.071,-0.084,0.012,-2.123,-5.638,-2.402,-0.071,-0.084,0.012,2.123,-5.638,-2.402
1JGR,1JGR,4,A.DG1004,B.DC2009,G-C,M_minus_N,DG,False,none,A.DG1004,B.DC2009,-0.212,-0.081,-0.041,10.579,-8.388,0.216,-0.212,-0.081,-0.041,10.579,-8.388,0.216
1JGR,1JGR,5,A.DA1005,B.DT2008,A-T,M_minus_N,DA,False,none,A.DA1005,B.DT2008,-0.077,0.007,-0.025,4.617,-14.231,3.698,-0.077,0.007,-0.025,4.617,-14.231,3.698
1JGR,1JGR,6,A.DA1006,B.DT2007,A-T,M_minus_N,DA,False,none,A.DA1006,B.DT2007,-0.046,-0.003,0.042,0.867,-15.875,6.328,-0.046,-0.003,0.042,0.867,-15.875,6.328
1JGR,1JGR,7,A.DT1007,B.DA2006,T-A,M_minus_N,DA,True,M_minus_N,B.DA2006,A.DT1007,-0.046,-0.016,0.095,0.242,-15.495,4.716,0.046,-0.016,0.095,-0.242,-15.495,4.716
1JGR,1JGR,8,A.DT1008,B.DA2005,T-A,M_minus_N,DA,True,M_minus_N,B.DA2005,A.DT1008,-0.063,-0.044,-0.16,-0.896,-11.676,4.854,0.063,-0.044,-0.16,0.896,-11.676,4.854
1JGR,1JGR,9,A.DC1009,B.DG2004,C-G,M_minus_N,DG,True,M_minus_N,B.DG2004,A.DC1009,0.217,-0.084,-0.046,-10.12,-8.875,-1.842,-0.217,-0.084,-0.046,10.12,-8.875,-1.842
1JGR,1JGR,10,A.DG1010,B.DC2003,G-C,M_minus_N,DG,False,none,A.DG1010,B.DC2003,-0.144,-0.03,0.102,2.799,-9.534,1.849,-0.144,-0.03,0.102,2.799,-9.534,1.849
1JGR,1JGR,11,A.DC1011,B.DG2002,C-G,M_minus_N,DG,True,M_minus_N,B.DG2002,A.DC1011,0.2,-0.092,-0.039,2.91,-16.912,-0.863,-0.2,-0.092,-0.039,-2.91,-16.912,-0.863
1JGR,1JGR,12,A.DG1012,B.DC2001,G-C,M_minus_N,DG,False,none,A.DG1012,B.DC2001,-0.218,0.005,0.144,2.187,-6.911,-0.611,-0.218,0.005,0.144,2.187,-6.911,-0.611
2BNA,2BNA,1,A.DC1,B.DG24,C-G,M_minus_N,DG,True,M_minus_N,B.DG24,A.DC1,-0.306,-0.317,0.297,5.377,-23.297,-5.019,0.306,-0.317,0.297,-5.377,-23.297,-5.019
2BNA,2BNA,2,A.DG2,B.DC23,G-C,M_minus_N,DG,False,none,A.DG2,B.DC23,0.041,-0.283,0.577,4.098,-8.473,-7.874,0.041,-0.283,0.577,4.098,-8.473,-7.874
2BNA,2BNA,3,A.DC3,B.DG22,C-G,M_minus_N,DG,True,M_minus_N,B.DG22,A.DC3,0.093,-0.326,0.347,-4.704,-6.164,-1.825,-0.093,-0.326,0.347,4.704,-6.164,-1.825
2BNA,2BNA,4,A.DG4,B.DC21,G-C,M_minus_N,DG,False,none,A.DG4,B.DC21,-0.657,-0.374,-0.09,7.024,-9.677,0.524,-0.657,-0.374,-0.09,7.024,-9.677,0.524
2BNA,2BNA,5,A.DA5,B.DT20,A-T,M_minus_N,DA,False,none,A.DA5,B.DT20,0.176,-0.232,-0.04,5.699,-15.654,4.313,0.176,-0.232,-0.04,5.699,-15.654,4.313
2BNA,2BNA,6,A.DA6,B.DT19,A-T,M_minus_N,DA,False,none,A.DA6,B.DT19,-0.029,-0.088,-0.15,-0.712,-23.999,9.733,-0.029,-0.088,-0.15,-0.712,-23.999,9.733
2BNA,2BNA,7,A.DT7,B.DA18,T-A,M_minus_N,DA,True,M_minus_N,B.DA18,A.DT7,0.377,-0.222,0.126,-2.023,-24.137,8.258,-0.377,-0.222,0.126,2.023,-24.137,8.258
2BNA,2BNA,8,A.DT8,B.DA17,T-A,M_minus_N,DA,True,M_minus_N,B.DA17,A.DT8,0.0,-0.209,0.192,-3.708,-22.859,3.683,-0.0,-0.209,0.192,3.708,-22.859,3.683
2BNA,2BNA,9,A.DC9,B.DG16,C-G,M_minus_N,DG,True,M_minus_N,B.DG16,A.DC9,0.006,-0.265,0.433,-21.641,-10.295,-4.799,-0.006,-0.265,0.433,21.641,-10.295,-4.799
2BNA,2BNA,10,A.DG10,B.DC15,G-C,M_minus_N,DG,False,none,A.DG10,B.DC15,-0.303,-0.324,0.306,9.472,-3.684,-2.79,-0.303,-0.324,0.306,9.472,-3.684,-2.79
2BNA,2BNA,11,A.DC11,B.DG14,C-G,M_minus_N,DG,True,M_minus_N,B.DG14,A.DC11,0.243,-0.453,0.681,-0.379,-20.275,-7.928,-0.243,-0.453,0.681,0.379,-20.275,-7.928
2BNA,2BNA,12,A.DG12,B.DC13,G-C,M_minus_N,DG,False,none,A.DG12,B.DC13,-0.568,-0.232,0.078,6.1,15.555,-9.282,-0.568,-0.232,0.078,6.1,15.555,-9.282
3BSE,3BSE,1,A.DA3,B.DT36,A-T,M_minus_N,DA,False,none,A.DA3,B.DT36,0.036,-0.034,-0.01,4.2,-7.145,3.477,0.036,-0.034,-0.01,4.2,-7.145,3.477
3BSE,3BSE,2,A.DC4,B.DG35,C-G,M_minus_N,DG,True,M_minus_N,B.DG35,A.DC4,0.186,0.009,0.068,-1.999,-14.079,-0.081,-0.186,0.009,0.068,1.999,-14.079,-0.081
3BSE,3BSE,3,A.DT5,B.DA34,T-A,M_minus_N,DA,True,M_minus_N,B.DA34,A.DT5,0.066,-0.015,-0.115,2.071,-19.815,2.291,-0.066,-0.015,-0.115,-2.071,-19.815,2.291
3BSE,3BSE,4,A.DA6,B.DT33,A-T,M_minus_N,DA,False,none,A.DA6,B.DT33,-0.195,-0.016,-0.269,-5.371,-7.127,-1.766,-0.195,-0.016,-0.269,-5.371,-7.127,-1.766
3BSE,3BSE,5,A.DC7,B.DG32,C-G,M_minus_N,DG,True,M_minus_N,B.DG32,A.DC7,0.44,-0.045,-0.083,6.848,-2.839,2.181,-0.44,-0.045,-0.083,-6.848,-2.839,2.181
3BSE,3BSE,6,A.DA8,B.DT31,A-T,M_minus_N,DA,False,none,A.DA8,B.DT31,-0.097,-0.152,0.08,12.801,-15.699,2.672,-0.097,-0.152,0.08,12.801,-15.699,2.672
3BSE,3BSE,7,A.DA9,B.DT30,A-T,M_minus_N,DA,False,none,A.DA9,B.DT30,-0.04,-0.088,0.106,9.226,-15.582,1.403,-0.04,-0.088,0.106,9.226,-15.582,1.403
3BSE,3BSE,8,A.DT10,B.DA29,T-A,M_minus_N,DA,True,M_minus_N,B.DA29,A.DT10,0.068,-0.007,-0.072,7.405,-15.796,4.172,-0.068,-0.007,-0.072,-7.405,-15.796,4.172
3BSE,3BSE,9,A.DG11,B.DC28,G-C,M_minus_N,DG,False,none,A.DG11,B.DC28,-0.349,-0.076,-0.073,-12.641,-13.745,3.618,-0.349,-0.076,-0.073,-12.641,-13.745,3.618
3BSE,3BSE,10,A.DT12,B.DA27,T-A,M_minus_N,DA,True,M_minus_N,B.DA27,A.DT12,-0.079,-0.002,0.21,-14.405,-16.22,2.038,0.079,-0.002,0.21,14.405,-16.22,2.038
3BSE,3BSE,11,A.DT13,B.DA26,T-A,M_minus_N,DA,True,M_minus_N,B.DA26,A.DT13,-0.044,-0.104,0.265,-15.09,-12.495,4.087,0.044,-0.104,0.265,15.09,-12.495,4.087
3BSE,3BSE,12,A.DG14,B.DC25,G-C,M_minus_N,DG,False,none,A.DG14,B.DC25,-0.375,-0.056,-0.019,-8.864,-4.024,1.374,-0.375,-0.056,-0.019,-8.864,-4.024,1.374
3BSE,3BSE,13,A.DC15,B.DG24,C-G,M_minus_N,DG,True,M_minus_N,B.DG24,A.DC15,0.219,-0.01,0.001,5.461,-3.751,0.441,-0.219,-0.01,0.001,-5.461,-3.751,0.441
3BSE,3BSE,14,A.DA16,B.DT23,A-T,M_minus_N,DA,False,none,A.DA16,B.DT23,0.052,-0.069,0.099,2.846,-15.989,1.246,0.052,-0.069,0.099,2.846,-15.989,1.246
3BSE,3BSE,15,A.DA17,B.DT22,A-T,M_minus_N,DA,False,none,A.DA17,B.DT22,-0.022,-0.008,0.004,-1.163,-12.623,-1.287,-0.022,-0.008,0.004,-1.163,-12.623,-1.287
3BSE,3BSE,16,A.DT18,B.DA21,T-A,M_minus_N,DA,True,M_minus_N,B.DA21,A.DT18,-0.031,-0.082,0.058,-1.961,-7.824,2.659,0.031,-0.082,0.058,1.961,-7.824,2.659
3IXN,3IXN,1,A.DC1,B.DG10,C-G,M_minus_N,DG,True,M_minus_N,B.DG10,A.DC1,-0.555,-0.034,0.73,-0.016,-8.21,-16.333,0.555,-0.034,0.73,0.016,-8.21,-16.333
3IXN,3IXN,2,A.DC2,B.DG9,C-G,M_minus_N,DG,True,M_minus_N,B.DG9,A.DC2,-1.085,0.313,0.941,-2.77,-7.567,-14.162,1.085,0.313,0.941,2.77,-7.567,-14.162
3IXN,3IXN,3,A.DG3,B.DC8,G-C,M_minus_N,DG,False,none,A.DG3,B.DC8,0.566,-0.054,0.343,9.285,-6.111,-16.075,0.566,-0.054,0.343,9.285,-6.111,-16.075
3IXN,3IXN,4,A.DG4,B.DC7,G-C,M_minus_N,DG,False,none,A.DG4,B.DC7,0.727,0.72,0.701,19.695,14.494,-15.439,0.727,0.72,0.701,19.695,14.494,-15.439
3IXN,3IXN,5,A.DT5,B.DA6,T-A,M_minus_N,DA,True,M_minus_N,B.DA6,A.DT5,0.423,0.647,0.35,12.198,-10.349,-8.073,-0.423,0.647,0.35,-12.198,-10.349,-8.073
3IXN,3IXN,6,A.DA6,B.DT5,A-T,M_minus_N,DA,False,none,A.DA6,B.DT5,0.798,-0.468,1.032,21.343,-19.639,-14.938,0.798,-0.468,1.032,21.343,-19.639,-14.938
3IXN,3IXN,7,A.DC7,B.DG4,C-G,M_minus_N,DG,True,M_minus_N,B.DG4,A.DC7,0.025,-0.59,-0.06,4.345,1.642,-1.916,-0.025,-0.59,-0.06,-4.345,1.642,-1.916
3IXN,3IXN,8,A.DC8,B.DG3,C-G,M_minus_N,DG,True,M_minus_N,B.DG3,A.DC8,-0.395,-0.374,1.019,-9.023,1.391,-18.084,0.395,-0.374,1.019,9.023,1.391,-18.084
3IXN,3IXN,9,A.DG9,B.DC2,G-C,M_minus_N,DG,False,none,A.DG9,B.DC2,0.497,0.018,1.157,11.488,-0.907,-16.761,0.497,0.018,1.157,11.488,-0.907,-16.761
3IXN,3IXN,10,A.DG10,B.DC1,G-C,M_minus_N,DG,False,none,A.DG10,B.DC1,0.685,-0.05,0.622,8.476,-0.826,-8.602,0.685,-0.05,0.622,8.476,-0.826,-8.602
463D,463D,1,A.DG2,B.DC23,G-C,M_minus_N,DG,False,none,A.DG2,B.DC23,-0.384,-0.059,-0.084,-16.188,-1.515,-1.213,-0.384,-0.059,-0.084,-16.188,-1.515,-1.213
463D,463D,2,A.DC3,B.DG22,C-G,M_minus_N,DG,True,M_minus_N,B.DG22,A.DC3,0.201,-0.154,0.124,-7.839,3.746,0.357,-0.201,-0.154,0.124,7.839,3.746,0.357
463D,463D,3,A.DG4,B.DC21,G-C,M_minus_N,DG,False,none,A.DG4,B.DC21,-0.143,-0.102,0.02,14.373,-11.198,0.914,-0.143,-0.102,0.02,14.373,-11.198,0.914
463D,463D,4,A.DA5,B.DT20,A-T,M_minus_N,DA,False,none,A.DA5,B.DT20,0.193,-0.193,-0.19,6.805,-11.55,3.215,0.193,-0.193,-0.19,6.805,-11.55,3.215
463D,463D,5,A.DA6,B.DT19,A-T,M_minus_N,DA,False,none,A.DA6,B.DT19,0.037,-0.081,-0.144,-0.545,-11.416,5.222,0.037,-0.081,-0.144,-0.545,-11.416,5.222
463D,463D,6,A.DT7,B.DA18,T-A,M_minus_N,DA,True,M_minus_N,B.DA18,A.DT7,0.152,-0.158,0.134,0.834,-16.373,4.64,-0.152,-0.158,0.134,-0.834,-16.373,4.64
463D,463D,7,A.DT8,B.DA17,T-A,M_minus_N,DA,True,M_minus_N,B.DA17,A.DT8,-0.018,-0.153,-0.225,-2.585,-15.628,7.731,0.018,-0.153,-0.225,2.585,-15.628,7.731
463D,463D,8,A.DC9,B.DG16,C-G,M_minus_N,DG,True,M_minus_N,B.DG16,A.DC9,0.379,0.028,0.086,-12.676,-10.347,4.197,-0.379,0.028,0.086,12.676,-10.347,4.197
463D,463D,9,A.DG10,B.DC15,G-C,M_minus_N,DG,False,none,A.DG10,B.DC15,-0.334,-0.006,0.047,0.747,2.372,-0.026,-0.334,-0.006,0.047,0.747,2.372,-0.026
463D,463D,10,A.DC11,B.DG14,C-G,M_minus_N,DG,True,M_minus_N,B.DG14,A.DC11,0.321,-0.058,0.069,15.113,0.73,2.447,-0.321,-0.058,0.069,-15.113,0.73,2.447
476D,476D,1,A.DG2,B.DC23,G-C,M_minus_N,DG,False,none,A.DG2,B.DC23,-0.176,-0.168,0.072,-14.278,-5.479,-3.232,-0.176,-0.168,0.072,-14.278,-5.479,-3.232
476D,476D,2,A.DC3,B.DG22,C-G,M_minus_N,DG,True,M_minus_N,B.DG22,A.DC3,0.239,-0.078,0.209,-6.169,4.569,-0.442,-0.239,-0.078,0.209,6.169,4.569,-0.442
476D,476D,3,A.DG4,B.DC21,G-C,M_minus_N,DG,False,none,A.DG4,B.DC21,-0.263,-0.118,0.08,13.444,-12.453,1.235,-0.263,-0.118,0.08,13.444,-12.453,1.235
476D,476D,4,A.DA5,B.DT20,A-T,M_minus_N,DA,False,none,A.DA5,B.DT20,0.099,-0.128,-0.072,8.686,-16.418,3.603,0.099,-0.128,-0.072,8.686,-16.418,3.603
476D,476D,5,A.DA6,B.DT19,A-T,M_minus_N,DA,False,none,A.DA6,B.DT19,-0.059,-0.097,0.144,2.862,-15.987,5.984,-0.059,-0.097,0.144,2.862,-15.987,5.984
476D,476D,6,A.DT7,B.DA18,T-A,M_minus_N,DA,True,M_minus_N,B.DA18,A.DT7,-0.117,-0.167,0.109,0.537,-17.701,3.927,0.117,-0.167,0.109,-0.537,-17.701,3.927
476D,476D,7,A.DT8,B.DA17,T-A,M_minus_N,DA,True,M_minus_N,B.DA17,A.DT8,0.02,-0.14,-0.077,-3.011,-17.045,4.189,-0.02,-0.14,-0.077,3.011,-17.045,4.189
476D,476D,8,A.DC9,B.DG16,C-G,M_minus_N,DG,True,M_minus_N,B.DG16,A.DC9,0.125,-0.105,0.046,-11.355,-10.532,0.606,-0.125,-0.105,0.046,11.355,-10.532,0.606
476D,476D,9,A.DG10,B.DC15,G-C,M_minus_N,DG,False,none,A.DG10,B.DC15,-0.225,-0.105,0.138,1.774,4.801,0.806,-0.225,-0.105,0.138,1.774,4.801,0.806
476D,476D,10,A.DC11,B.DG14,C-G,M_minus_N,DG,True,M_minus_N,B.DG14,A.DC11,0.221,-0.151,0.004,8.821,2.932,-0.208,-0.221,-0.151,0.004,-8.821,2.932,-0.208
477D,477D,1,A.DG2,B.DC23,G-C,M_minus_N,DG,False,none,A.DG2,B.DC23,-0.334,-0.158,0.066,-11.801,-0.609,-2.28,-0.334,-0.158,0.066,-11.801,-0.609,-2.28
477D,477D,2,A.DC3,B.DG22,C-G,M_minus_N,DG,True,M_minus_N,B.DG22,A.DC3,0.153,-0.162,0.135,-4.921,1.66,-1.418,-0.153,-0.162,0.135,4.921,1.66,-1.418
477D,477D,3,A.DG4,B.DC21,G-C,M_minus_N,DG,False,none,A.DG4,B.DC21,-0.343,-0.133,-0.238,5.77,-16.643,1.576,-0.343,-0.133,-0.238,5.77,-16.643,1.576
477D,477D,4,A.DA5,B.DT20,A-T,M_minus_N,DA,False,none,A.DA5,B.DT20,0.07,-0.08,-0.202,7.884,-11.293,3.753,0.07,-0.08,-0.202,7.884,-11.293,3.753
477D,477D,5,A.DA6,B.DT19,A-T,M_minus_N,DA,False,none,A.DA6,B.DT19,-0.015,-0.088,-0.193,1.169,-12.611,3.796,-0.015,-0.088,-0.193,1.169,-12.611,3.796
477D,477D,6,A.DT7,B.DA18,T-A,M_minus_N,DA,True,M_minus_N,B.DA18,A.DT7,0.189,-0.068,-0.067,3.238,-16.518,7.065,-0.189,-0.068,-0.067,-3.238,-16.518,7.065
477D,477D,7,A.DT8,B.DA17,T-A,M_minus_N,DA,True,M_minus_N,B.DA17,A.DT8,-0.075,-0.017,-0.032,-0.314,-14.692,4.371,0.075,-0.017,-0.032,0.314,-14.692,4.371
477D,477D,8,A.DC9,B.DG16,C-G,M_minus_N,DG,True,M_minus_N,B.DG16,A.DC9,0.385,-0.081,0.219,-14.399,-11.381,3.09,-0.385,-0.081,0.219,14.399,-11.381,3.09
477D,477D,9,A.DG10,B.DC15,G-C,M_minus_N,DG,False,none,A.DG10,B.DC15,-0.476,-0.115,0.228,1.624,1.858,1.35,-0.476,-0.115,0.228,1.624,1.858,1.35
477D,477D,10,A.DC11,B.DG14,C-G,M_minus_N,DG,True,M_minus_N,B.DG14,A.DC11,0.375,-0.07,0.079,10.898,0.345,-0.497,-0.375,-0.07,0.079,-10.898,0.345,-0.497
4C64,4C64,1,A.DC1,B.DG24,C-G,M_minus_N,DG,True,M_minus_N,B.DG24,A.DC1,0.208,-0.144,0.054,5.631,-16.083,0.037,-0.208,-0.144,0.054,-5.631,-16.083,0.037
4C64,4C64,2,A.DG2,B.DC23,G-C,M_minus_N,DG,False,none,A.DG2,B.DC23,-0.247,-0.185,0.382,6.219,-9.297,-2.34,-0.247,-0.185,0.382,6.219,-9.297,-2.34
4C64,4C64,3,A.DC3,B.DG22,C-G,M_minus_N,DG,True,M_minus_N,B.DG22,A.DC3,0.141,-0.117,0.121,-0.872,-7.517,-0.909,-0.141,-0.117,0.121,0.872,-7.517,-0.909
4C64,4C64,4,A.DG4,B.DC21,G-C,M_minus_N,DG,False,none,A.DG4,B.DC21,-0.235,-0.042,-0.0,12.016,-9.43,1.129,-0.235,-0.042,-0.0,12.016,-9.43,1.129
4C64,4C64,5,A.DA5,B.DT20,A-T,M_minus_N,DA,False,none,A.DA5,B.DT20,0.093,-0.072,-0.078,5.63,-15.742,2.69,0.093,-0.072,-0.078,5.63,-15.742,2.69
4C64,4C64,6,A.DA6,B.DT19,A-T,M_minus_N,DA,False,none,A.DA6,B.DT19,0.067,-0.108,0.064,1.183,-16.03,4.646,0.067,-0.108,0.064,1.183,-16.03,4.646
4C64,4C64,7,A.DT7,B.DA18,T-A,M_minus_N,DA,True,M_minus_N,B.DA18,A.DT7,-0.007,-0.121,0.11,-0.462,-16.302,3.233,0.007,-0.121,0.11,0.462,-16.302,3.233
4C64,4C64,8,A.DT8,B.DA17,T-A,M_minus_N,DA,True,M_minus_N,B.DA17,A.DT8,-0.062,-0.156,-0.06,-1.419,-12.855,3.748,0.062,-0.156,-0.06,1.419,-12.855,3.748
4C64,4C64,9,A.DC9,B.DG16,C-G,M_minus_N,DG,True,M_minus_N,B.DG16,A.DC9,0.248,-0.148,0.069,-11.578,-9.553,-2.113,-0.248,-0.148,0.069,11.578,-9.553,-2.113
4C64,4C64,10,A.DG10,B.DC15,G-C,M_minus_N,DG,False,none,A.DG10,B.DC15,-0.156,-0.063,0.223,4.507,-9.239,2.92,-0.156,-0.063,0.223,4.507,-9.239,2.92
4C64,4C64,11,A.DC11,B.DG14,C-G,M_minus_N,DG,True,M_minus_N,B.DG14,A.DC11,0.112,-0.138,0.106,3.884,-16.831,-0.583,-0.112,-0.138,0.106,-3.884,-16.831,-0.583
4C64,4C64,12,A.DG12,B.DC13,G-C,M_minus_N,DG,False,none,A.DG12,B.DC13,-0.209,-0.176,0.364,5.383,-8.733,-1.927,-0.209,-0.176,0.364,5.383,-8.733,-1.927
