quality_filter,pair_group,n_reference_structures,reference_structure_ids,n_reference_pairs,target_role,D_diagonal_signed6,empirical_percentile
all_18_selected_structures,AT_pair,18,119D;158D;167D;1BNA;1D29;1D49;1D65;1D89;1D98;1DN9;1JGR;2BNA;3BSE;3IXN;463D;476D;477D;4C64,105,111D_site4,32.649183741483206,100.0
all_18_selected_structures,AT_pair,18,119D;158D;167D;1BNA;1D29;1D49;1D65;1D89;1D98;1DN9;1JGR;2BNA;3BSE;3IXN;463D;476D;477D;4C64,105,178D_site4,36.91790523326159,100.0
all_18_selected_structures,AT_pair,18,119D;158D;167D;1BNA;1D29;1D49;1D65;1D89;1D98;1DN9;1JGR;2BNA;3BSE;3IXN;463D;476D;477D;4C64,105,111D_site9,30.882520286120922,100.0
all_18_selected_structures,AT_pair,18,119D;158D;167D;1BNA;1D29;1D49;1D65;1D89;1D98;1DN9;1JGR;2BNA;3BSE;3IXN;463D;476D;477D;4C64,105,178D_site9,33.19032416246623,100.0
all_18_selected_structures,GC_pair,18,119D;158D;167D;1BNA;1D29;1D49;1D65;1D89;1D98;1DN9;1JGR;2BNA;3BSE;3IXN;463D;476D;477D;4C64,125,183D_primary,1.3704343562707064,19.2
all_18_selected_structures,AT_pair,18,119D;158D;167D;1BNA;1D29;1D49;1D65;1D89;1D98;1DN9;1JGR;2BNA;3BSE;3IXN;463D;476D;477D;4C64,105,matched_delta_site4,4.268721491778386,
all_18_selected_structures,AT_pair,18,119D;158D;167D;1BNA;1D29;1D49;1D65;1D89;1D98;1DN9;1JGR;2BNA;3BSE;3IXN;463D;476D;477D;4C64,105,matched_delta_site9,2.307803876345311,
resolution_le_2_5A,AT_pair,16,119D;158D;167D;1BNA;1D29;1D49;1D65;1D89;1D98;1DN9;1JGR;3BSE;463D;476D;477D;4C64,99,111D_site4,36.977953146626255,100.0
resolution_le_2_5A,AT_pair,16,119D;158D;167D;1BNA;1D29;1D49;1D65;1D89;1D98;1DN9;1JGR;3BSE;463D;476D;477D;4C64,99,178D_site4,41.98214684544883,100.0
resolution_le_2_5A,AT_pair,16,119D;158D;167D;1BNA;1D29;1D49;1D65;1D89;1D98;1DN9;1JGR;3BSE;463D;476D;477D;4C64,99,111D_site9,34.912609071585585,100.0
resolution_le_2_5A,AT_pair,16,119D;158D;167D;1BNA;1D29;1D49;1D65;1D89;1D98;1DN9;1JGR;3BSE;463D;476D;477D;4C64,99,178D_site9,37.669480572666814,100.0
resolution_le_2_5A,GC_pair,16,119D;158D;167D;1BNA;1D29;1D49;1D65;1D89;1D98;1DN9;1JGR;3BSE;463D;476D;477D;4C64,109,183D_primary,2.073023362323691,46.788990825688074
resolution_le_2_5A,AT_pair,16,119D;158D;167D;1BNA;1D29;1D49;1D65;1D89;1D98;1DN9;1JGR;3BSE;463D;476D;477D;4C64,99,matched_delta_site4,5.004193698822576,
resolution_le_2_5A,AT_pair,16,119D;158D;167D;1BNA;1D29;1D49;1D65;1D89;1D98;1DN9;1JGR;3BSE;463D;476D;477D;4C64,99,matched_delta_site9,2.7568715010812284,
resolution_le_2_0A_and_R_le_0_25,AT_pair,8,158D;1BNA;1D49;1JGR;3BSE;463D;477D;4C64,41,111D_site4,68.16752663002072,100.0
resolution_le_2_0A_and_R_le_0_25,AT_pair,8,158D;1BNA;1D49;1JGR;3BSE;463D;477D;4C64,41,178D_site4,79.2747608675153,100.0
resolution_le_2_0A_and_R_le_0_25,AT_pair,8,158D;1BNA;1D49;1JGR;3BSE;463D;477D;4C64,41,111D_site9,64.33738658884641,100.0
resolution_le_2_0A_and_R_le_0_25,AT_pair,8,158D;1BNA;1D49;1JGR;3BSE;463D;477D;4C64,41,178D_site9,70.42544646350582,100.0
resolution_le_2_0A_and_R_le_0_25,GC_pair,8,158D;1BNA;1D49;1JGR;3BSE;463D;477D;4C64,51,183D_primary,2.758703149089598,74.50980392156863
resolution_le_2_0A_and_R_le_0_25,AT_pair,8,158D;1BNA;1D49;1JGR;3BSE;463D;477D;4C64,41,matched_delta_site4,11.10723423749458,
resolution_le_2_0A_and_R_le_0_25,AT_pair,8,158D;1BNA;1D49;1JGR;3BSE;463D;477D;4C64,41,matched_delta_site9,6.0880598746594075,
