filename,pdb_id,role,experimental_method,resolution_A,R_observed_depositor,R_work_depositor,R_free_depositor,R_DCC_validation,R_free_DCC_validation,structure_factor_status,reported_reflections_observed,refinement_reflections_observed,data_completeness_validation_pct,I_over_sigma_validation,Wilson_B_validation_A2,clashscore_validation,percent_RSRZ_outliers_validation,explicit_coordinate_ESU_A,Cruickshank_DPI_A,model_count,atom_row_count,dna_atom_row_count,altloc_atom_row_count,occupancy_lt_1_atom_row_count,occupancy_zero_atom_row_count,occupancy_min,B_all_mean_A2,B_all_median_A2,B_all_max_A2,B_DNA_mean_A2,B_DNA_median_A2,missing_coordinate_atom_rows,unobserved_atom_records,unobserved_residue_records,base_residue_count,base_residues_with_missing_required_base_atoms,missing_required_base_atom_count,space_group,cell_a_A,cell_b_A,cell_c_A,cell_alpha_deg,cell_beta_deg,cell_gamma_deg,cell_volume_A3,crystal_growth_method,crystal_growth_pH,crystal_growth_temp_K,crystal_growth_details,validation_XML_creation_date
119D.cif,119D,normal_reference,X-RAY DIFFRACTION,2.25,0.138,,,0.1837,,REL,3982.0,2120.0,70.91,1.26(2.22A),16.143,17.08,0.0,,,1,624,486,0,2,0,0.5,26.871714743589745,23.755000000000003,95.8,23.12537037037037,21.645,0,0,0,24,0,0,C 1 2 1,64.84,35.36,25.35,90.0,92.24,90.0,58076.60800830985,"VAPOR DIFFUSION, SITTING DROP",6.5,277.0,"pH 6.50, VAPOR DIFFUSION, SITTING DROP, temperature 277.00K","Mar  9, 2026 -- 01:25 AM UTC"
158D.cif,158D,normal_reference,X-RAY DIFFRACTION,1.9,0.179,,,0.1696,,REL,4095.0,4095.0,92.15,2.49(1.89A),15.695,0.0,0.0,,,1,481,404,0,2,0,0.5,12.226424116424116,10.61,39.03,10.59101485148515,10.105,0,0,0,20,0,0,P 6,53.08,53.08,34.32,90.0,90.0,120.0,83741.3078404931,VAPOR DIFFUSION,7.5,278.0,"pH 7.50, VAPOR DIFFUSION, temperature 278.00K","Mar  8, 2026 -- 03:45 PM UTC"
167D.cif,167D,normal_reference,X-RAY DIFFRACTION,2.3,0.2,,,,,,2726.0,2726.0,,,,17.35,,,,1,448,404,0,1,0,0.5,31.107343750000002,28.575000000000003,69.15,29.718638613861387,27.105,0,0,0,20,0,0,P 32 2 1,33.2,33.2,96.04,90.0,90.0,120.0,91676.69545610927,"VAPOR DIFFUSION, SITTING DROP",,277.0,"VAPOR DIFFUSION, SITTING DROP, temperature 277.00K","Mar  9, 2026 -- 02:37 PM UTC"
1BNA.cif,1BNA,normal_reference,X-RAY DIFFRACTION,1.9,0.178,,,0.2215,,REL,5534.0,2725.0,98.3,,36.702,5.28,0.0,,,1,566,486,0,0,0,1.0,40.28475265017668,39.394999999999996,79.04,37.263497942386834,36.040000000000006,0,0,0,24,0,0,P 21 21 21,24.87,40.39,66.2,90.0,90.0,90.0,66497.85366000001,VAPOR DIFFUSION,,290.0,"VAPOR DIFFUSION, temperature 290.00K","Mar  5, 2026 -- 02:02 PM UTC"
1D29.cif,1D29,normal_reference,X-RAY DIFFRACTION,2.5,0.158,,,0.1467,,REL,1475.0,1475.0,61.36,0.71(2.58A),33.574,40.79,0.0,,,1,522,486,0,0,0,1.0,15.257375478927203,12.285,55.51,14.051213991769549,11.295,0,0,0,24,0,0,P 21 21 21,24.94,40.78,66.13,90.0,90.0,90.0,67257.728116,VAPOR DIFFUSION,,,VAPOR DIFFUSION,"Mar 10, 2026 -- 05:39 PM UTC"
1D49.cif,1D49,normal_reference,X-RAY DIFFRACTION,1.5,0.157,,,0.2415,,REL,3793.0,3793.0,76.2,0.47(1.54A),5.194,18.9,0.0,,,1,519,404,0,0,0,1.0,14.616705202312138,11.39,88.47,10.685173267326734,9.585,0,0,0,20,0,0,P 21 21 21,38.6,39.1,33.07,90.0,90.0,90.0,49911.228200000005,"VAPOR DIFFUSION, SITTING DROP",6.9,277.0,"pH 6.90, VAPOR DIFFUSION, SITTING DROP, temperature 277.00K","Apr 24, 2026 -- 09:32 PM EDT"
1D65.cif,1D65,normal_reference,X-RAY DIFFRACTION,2.2,0.181,,,0.1686,,REL,2943.0,2502.0,59.11,1.78(2.29A),43.533,19.74,0.0,,,1,557,486,0,0,0,1.0,32.333339317773785,30.99,79.49,29.566543209876542,29.075,0,0,0,24,0,0,P 21 21 21,24.87,40.9,65.64,90.0,90.0,90.0,66767.89212,"VAPOR DIFFUSION, HANGING DROP",7.0,289.0,"pH 7.00, VAPOR DIFFUSION, HANGING DROP, temperature 289.00K","Feb 28, 2026 -- 07:53 PM UTC"
1D89.cif,1D89,normal_reference,X-RAY DIFFRACTION,2.3,0.232,0.232,,0.2656,,REL,5545.0,4595.0,83.95,2.10(2.21A),38.193,2.19,0.0,,,1,1513,1458,0,973,0,0.46,46.28547918043621,40.48,191.38,46.2028463648834,40.48,0,0,0,72,0,0,P 21 21 2,44.78,66.05,42.91,90.0,90.0,90.0,126915.72228999999,"VAPOR DIFFUSION, SITTING DROP",7.0,283.0,"pH 7.00, VAPOR DIFFUSION, SITTING DROP, temperature 283.00K","Mar  7, 2026 -- 11:02 PM UTC"
1D98.cif,1D98,normal_reference,X-RAY DIFFRACTION,2.5,0.2,,,,,,2572.0,2003.0,,,,11.84,,,,1,513,486,0,0,0,1.0,31.536257309941522,29.58,71.19,30.564876543209877,29.134999999999998,0,0,0,24,0,0,P 21 21 21,25.4,40.7,65.8,90.0,90.0,90.0,68022.724,VAPOR DIFFUSION,,277.0,"VAPOR DIFFUSION, temperature 277.00K","Mar  1, 2026 -- 12:59 PM UTC"
1DN9.cif,1DN9,normal_reference,X-RAY DIFFRACTION,2.2,0.189,0.189,,0.1825,,REL,2994.0,1915.0,55.29,,25.986,36.84,0.0,,,1,529,486,0,0,0,1.0,13.755179584120983,12.97,47.99,12.874115226337448,12.77,0,0,0,24,0,0,P 21 21 21,23.54,38.86,66.57,90.0,90.0,90.0,60895.86610799999,VAPOR DIFFUSION,,,VAPOR DIFFUSION,"Mar  8, 2026 -- 12:17 PM UTC"
1JGR.cif,1JGR,normal_reference,X-RAY DIFFRACTION,1.2,0.163,0.169,0.222,,,,21760.0,17667.0,,,,0.0,,,,1,640,486,0,38,0,0.1,23.389578125,20.384999999999998,91.38,20.018251028806585,18.875,0,0,0,24,0,0,P 21 21 21,25.944,40.744,66.202,90.0,90.0,90.0,69979.640767872,"VAPOR DIFFUSION, SITTING DROP",6.4,295.0,,"Mar  5, 2026 -- 10:05 PM UTC"
2BNA.cif,2BNA,normal_reference,X-RAY DIFFRACTION,2.7,0.151,,,0.2009,,REL,1824.0,1051.0,98.86,,22.345,10.55,0.0,,,1,569,486,0,0,0,1.0,7.54634446397188,6.06,47.13,5.595946502057614,2.825,0,0,0,24,0,0,P 21 21 21,23.44,39.31,65.26,90.0,90.0,90.0,60132.28686400001,VAPOR DIFFUSION,,290.0,"VAPOR DIFFUSION, temperature 290.00K","Mar  8, 2026 -- 06:45 AM UTC"
3BSE.cif,3BSE,normal_reference,X-RAY DIFFRACTION,1.6,0.221,,0.274,0.2027,0.2151,REL,11667.0,11667.0,98.47,16.11(1.60A),9.263,2.9,0.0,,,1,867,658,0,8,0,0.33,17.865974625144176,15.56,49.7,15.188449848024316,13.6,0,37,2,34,2,16,H 3,38.74,38.74,161.327,90.0,90.0,120.0,209679.9586540754,"VAPOR DIFFUSION, HANGING DROP",8.0,277.0,,"Mar  8, 2026 -- 04:08 AM UTC"
3IXN.cif,3IXN,normal_reference,X-RAY DIFFRACTION,2.87,0.26212,0.26146,0.27469,0.2584,0.2732,REL,1365.0,1160.0,91.21,3.62(2.90A),56.334,90.05,0.0,,,1,418,404,0,0,0,1.0,39.727488038277514,41.245000000000005,76.92,40.0615594059406,42.29,0,0,0,20,0,0,P 61,32.94,32.94,94.854,90.0,90.0,120.0,89131.96297531869,"VAPOR DIFFUSION, HANGING DROP",7.0,293.0,"5mM CoCl2, 1mM spermine, 50% MPD, pH 7.0, VAPOR DIFFUSION, HANGING DROP, temperature 293K","Mar  4, 2026 -- 11:41 PM UTC"
463D.cif,463D,normal_reference,X-RAY DIFFRACTION,1.45,0.2172,,0.2568,0.2141,,REL,11038.0,11005.0,98.57,2.25(1.40A),19.493,5.67,0.0,,,1,602,454,0,13,0,0.33,33.54176079734219,31.985,67.59,31.282202643171807,29.68,0,0,2,22,0,0,H 3,41.117,41.117,99.912,90.0,90.0,120.0,146282.07904055752,"VAPOR DIFFUSION, HANGING DROP",7.0,293.0,,"Mar  9, 2026 -- 03:15 AM UTC"
476D.cif,476D,normal_reference,X-RAY DIFFRACTION,1.3,,0.182,0.22,,0.2017,REL,13911.0,13120.0,95.89,4.11(1.29A),14.286,2.84,0.0,,,1,579,448,10,39,0,0.33,21.69820379965458,19.43,55.32,19.23107142857143,17.185000000000002,0,0,0,22,0,0,H 3,38.764,38.764,99.084,90.0,90.0,120.0,128941.08850026615,"VAPOR DIFFUSION, SITTING DROP",6.9,295.0,,"Mar  9, 2026 -- 06:36 PM UTC"
477D.cif,477D,normal_reference,X-RAY DIFFRACTION,1.7,0.194,0.194,0.235,0.1885,0.2213,REL,7036.0,6228.0,87.81,53.02(1.70A),19.903,1.41,0.0,,,1,611,456,14,22,0,0.33,34.99225859247136,32.93,68.63,31.035723684210527,30.53,0,36,0,24,2,22,H 3,41.99,41.99,99.55,90.0,90.0,120.0,152007.02010701856,"VAPOR DIFFUSION, SITTING DROP",6.9,295.0,,"Mar 17, 2026 -- 10:33 PM UTC"
4C64.cif,4C64,normal_reference,X-RAY DIFFRACTION,1.32,0.1426,0.1385,0.1823,0.1452,0.1848,REL,16471.0,15416.0,95.19,1.23(1.20A),16.203,5.27,0.0,,,1,618,486,0,0,0,1.0,23.779498381877023,20.955,49.17,21.072283950617283,19.985,0,0,0,24,0,0,P 21 21 21,25.149,39.84,65.598,90.0,90.0,90.0,65725.00822368001,,7.5,,"40% MPD, SPERMINE, MAGNESIUM CHLORIDE, SODIUM CACODYLATE PH 7.5","Mar  5, 2026 -- 04:05 PM UTC"
111D.cif,111D,unoxidized_GA_matched_analog,X-RAY DIFFRACTION,2.25,0.16,,,,,,2840.0,2262.0,,,,18.37,,,,1,552,490,0,0,0,1.0,10.0,10.0,10.0,10.0,10.0,0,0,0,24,0,0,P 21 21 21,25.23,41.16,65.01,90.0,90.0,90.0,67510.726668,"VAPOR DIFFUSION, SITTING DROP",6.6,277.0,"pH 6.60, VAPOR DIFFUSION, SITTING DROP, temperature 277.00K","Feb 28, 2026 -- 07:13 PM UTC"
178D.cif,178D,8OG_A_case,X-RAY DIFFRACTION,2.5,0.168,,,0.1685,,REL,1965.0,1843.0,78.52,2.02(2.51A),38.206,14.4,0.0,,,1,564,492,0,0,0,1.0,24.196081560283687,22.259999999999998,71.81,21.667621951219513,21.03,0,0,0,24,0,0,P 21 21 21,24.67,40.49,65.14,90.0,90.0,90.0,65067.58386200001,"VAPOR DIFFUSION, SITTING DROP",6.5,277.0,"pH 6.50, VAPOR DIFFUSION, SITTING DROP, temperature 277.00K","Mar  7, 2026 -- 01:43 AM UTC"
183D.cif,183D,8OG_C_case,X-RAY DIFFRACTION,1.6,0.234,0.234,,,,,3290.0,3290.0,,,,0.0,,,,1,246,204,0,0,0,1.0,16.13638211382114,12.545,68.93,12.498039215686275,10.87,0,0,0,10,0,0,C 1 2 1,32.27,25.56,34.71,90.0,115.77,90.0,25782.236498767572,"VAPOR DIFFUSION, SITTING DROP",7.6,277.0,"pH 7.60, VAPOR DIFFUSION, SITTING DROP, temperature 277.00K","Feb 28, 2026 -- 06:22 PM UTC"
183D-assembly1.cif,183D,8OG_C_primary_symmetry_assembly,X-RAY DIFFRACTION,,,,,,,,,,,,,0.0,,,,1,492,408,0,0,0,1.0,16.13638211382114,12.545,68.93,12.498039215686275,10.87,0,0,0,20,0,0,,,,,,,,,,,,,"Feb 28, 2026 -- 06:22 PM UTC"
