block,weighting,target_role,pair_group,D_diagonal,D_diagonal_weighted_percentile,D_robust,D_robust_weighted_percentile,D_mahalanobis,D_mahalanobis_weighted_percentile
signed_6_primary,pair_equal,111D_site4,AT_pair,32.649183741483206,99.99999999999997,35.21027076865386,99.99999999999997,35.550298664818975,99.99999999999997
signed_6_primary,pair_equal,111D_site9,AT_pair,30.882520286120926,99.99999999999997,33.34165056636218,99.99999999999997,33.80541824022476,99.99999999999997
signed_6_primary,pair_equal,178D_site4,AT_pair,36.91790523326159,99.99999999999997,40.176106829629994,99.99999999999997,40.26939017237572,99.99999999999997
signed_6_primary,pair_equal,178D_site9,AT_pair,33.19032416246623,99.99999999999997,35.925677457089755,99.99999999999997,36.22702786740804,99.99999999999997
signed_6_primary,pair_equal,183D_primary,GC_pair,1.3704343562707066,19.2,2.2457058971392807,39.2,1.313680272300288,10.400000000000004
signed_6_primary,structure_equal,111D_site4,AT_pair,27.89366786088492,100.0,37.761374726838426,100.0,31.8423169500061,100.0
signed_6_primary,structure_equal,111D_site9,AT_pair,26.521262518916394,100.0,35.702633352792354,100.0,30.781331307275824,100.0
signed_6_primary,structure_equal,178D_site4,AT_pair,31.289275166836152,100.0,42.39759423472898,100.0,36.23609732680496,100.0
signed_6_primary,structure_equal,178D_site9,AT_pair,28.25684570270018,100.0,38.17040788784521,100.0,32.44733895757764,100.0
signed_6_primary,structure_equal,183D_primary,GC_pair,1.3623782589057551,14.814814814814813,2.267027576844182,42.37654320987653,1.3292263391220511,11.419753086419753
signed_6_primary,family_A_equal,111D_site4,AT_pair,25.31854209645168,100.0,29.511724465379775,100.0,27.58781076715968,100.0
signed_6_primary,family_A_equal,111D_site9,AT_pair,24.071288079322056,100.0,27.99011742633763,100.0,26.647139218090956,100.0
signed_6_primary,family_A_equal,178D_site4,AT_pair,28.04550190092209,100.0,33.16752674830018,100.0,31.28864846322203,100.0
signed_6_primary,family_A_equal,178D_site9,AT_pair,25.472871719719482,100.0,29.844763730134968,100.0,28.034854739343245,100.0
signed_6_primary,family_A_equal,183D_primary,GC_pair,1.2433135676654785,8.589743589743595,2.0635376668393857,31.688034188034198,1.2614876392847822,5.4273504273504285
signed_6_primary,family_B_conservative_DDD_equal,111D_site4,AT_pair,24.73974284436024,100.0,28.033633122554512,100.0,26.584761842878805,100.0
signed_6_primary,family_B_conservative_DDD_equal,111D_site9,AT_pair,23.51348333010288,100.0,26.55337992604653,100.0,25.670525048058348,100.0
signed_6_primary,family_B_conservative_DDD_equal,178D_site4,AT_pair,27.300035882386247,100.0,30.742208958022804,100.0,30.1269560595566,100.0
signed_6_primary,family_B_conservative_DDD_equal,178D_site9,AT_pair,24.838010166957858,100.0,27.95005106865429,100.0,26.992264726127978,100.0
signed_6_primary,family_B_conservative_DDD_equal,183D_primary,GC_pair,1.2098308481574267,8.829365079365077,1.9418515181153144,31.392195767195762,1.267075689032413,5.522486772486773
absolute_6_sensitivity,pair_equal,111D_site4,AT_pair,42.74790142607348,99.99999999999997,45.6790597233841,99.99999999999997,43.99762919565364,99.99999999999997
absolute_6_sensitivity,pair_equal,111D_site9,AT_pair,39.927980334573625,99.99999999999997,42.724512900100514,99.99999999999997,40.80601513538907,99.99999999999997
absolute_6_sensitivity,pair_equal,178D_site4,AT_pair,45.78456993662747,99.99999999999997,48.25514603911758,99.99999999999997,47.010093419669715,99.99999999999997
absolute_6_sensitivity,pair_equal,178D_site9,AT_pair,42.00405237658036,99.99999999999997,44.451829030223955,99.99999999999997,43.41859302356041,99.99999999999997
absolute_6_sensitivity,pair_equal,183D_primary,GC_pair,2.1542207530697417,62.40000000000001,3.0633022569617006,74.40000000000002,2.181343292699116,59.20000000000001
absolute_6_sensitivity,structure_equal,111D_site4,AT_pair,37.9576210202024,100.0,45.28347985657996,100.0,41.273278892068895,100.0
absolute_6_sensitivity,structure_equal,111D_site9,AT_pair,35.462784082860146,100.0,42.366335295250956,100.0,38.302447492994794,100.0
absolute_6_sensitivity,structure_equal,178D_site4,AT_pair,40.84809058762781,100.0,48.41886908797456,100.0,44.11949171842884,100.0
absolute_6_sensitivity,structure_equal,178D_site9,AT_pair,37.389252027793134,100.0,44.39158762961667,100.0,40.66724059622227,100.0
absolute_6_sensitivity,structure_equal,183D_primary,GC_pair,2.1307657582850945,63.518518518518505,3.1271718759177003,74.15123456790123,2.295392062386844,64.96913580246913
absolute_6_sensitivity,family_A_equal,111D_site4,AT_pair,34.59388918268109,100.0,38.1364875026193,100.0,37.067099719209125,100.0
absolute_6_sensitivity,family_A_equal,111D_site9,AT_pair,32.31429322963973,100.0,35.62624510261751,100.0,34.42902899219844,100.0
absolute_6_sensitivity,family_A_equal,178D_site4,AT_pair,37.22162011542792,100.0,39.698662136773734,100.0,38.989201366838586,100.0
absolute_6_sensitivity,family_A_equal,178D_site9,AT_pair,34.071982597518755,100.0,36.82161998310545,100.0,36.17577748103703,100.0
absolute_6_sensitivity,family_A_equal,183D_primary,GC_pair,2.0826020945237507,56.32478632478634,3.0468189532135592,71.15384615384619,2.2593395935599307,62.3717948717949
absolute_6_sensitivity,family_B_conservative_DDD_equal,111D_site4,AT_pair,33.68629876102112,100.0,37.03664809932133,100.0,36.020971107174155,100.0
absolute_6_sensitivity,family_B_conservative_DDD_equal,111D_site9,AT_pair,31.467272385527306,100.0,34.584316461662304,100.0,33.457687372817546,100.0
absolute_6_sensitivity,family_B_conservative_DDD_equal,178D_site4,AT_pair,36.315897174053724,100.0,38.147581795479354,100.0,37.70987273775817,100.0
absolute_6_sensitivity,family_B_conservative_DDD_equal,178D_site9,AT_pair,33.21437813201476,100.0,35.552885906171504,100.0,35.05400135583224,100.0
absolute_6_sensitivity,family_B_conservative_DDD_equal,183D_primary,GC_pair,2.069390033749962,53.23082010582011,2.979579428997918,71.77579365079366,2.232832611121334,60.06944444444444
absolute_3_focused,pair_equal,111D_site4,AT_pair,42.74139526361204,99.99999999999997,45.67014273390481,99.99999999999997,40.110840075946456,99.99999999999997
absolute_3_focused,pair_equal,111D_site9,AT_pair,39.88591528319193,99.99999999999997,42.59381188077425,99.99999999999997,37.34815599049521,99.99999999999997
absolute_3_focused,pair_equal,178D_site4,AT_pair,45.69716781375925,99.99999999999997,47.98154521101411,99.99999999999997,42.80910682368159,99.99999999999997
absolute_3_focused,pair_equal,178D_site9,AT_pair,41.996318663151285,99.99999999999997,44.446964981350774,99.99999999999997,39.33154227022907,99.99999999999997
absolute_3_focused,pair_equal,183D_primary,GC_pair,0.917745816255731,13.600000000000001,1.0764433230131019,28.000000000000004,0.8204795481806463,11.200000000000005
absolute_3_focused,structure_equal,111D_site4,AT_pair,37.95201158999702,100.0,45.27582615855473,100.0,33.628868975736474,100.0
absolute_3_focused,structure_equal,111D_site9,AT_pair,35.423669806923094,100.0,42.25683835631121,100.0,31.291343815460095,100.0
absolute_3_focused,structure_equal,178D_site4,AT_pair,40.765080092502025,100.0,48.19190278775908,100.0,36.02913747584819,100.0
absolute_3_focused,structure_equal,178D_site9,AT_pair,37.38148353917576,100.0,44.38660795401818,100.0,32.98652457891162,100.0
absolute_3_focused,structure_equal,183D_primary,GC_pair,0.8239810834382361,10.80246913580247,1.0029016751829625,21.373456790123456,0.7666032078139545,9.876543209876544
absolute_3_focused,family_A_equal,111D_site4,AT_pair,34.58418298359483,100.0,38.12934728931338,100.0,29.524285988503493,100.0
absolute_3_focused,family_A_equal,111D_site9,AT_pair,32.276723090670245,100.0,35.53421841495388,100.0,27.495439028193417,100.0
absolute_3_focused,family_A_equal,178D_site4,AT_pair,37.1457956059167,100.0,39.497630238670034,100.0,31.67556879666294,100.0
absolute_3_focused,family_A_equal,178D_site9,AT_pair,34.058441153371504,100.0,36.813945601555375,100.0,28.939244488315182,100.0
absolute_3_focused,family_A_equal,183D_primary,GC_pair,0.9252244975408837,14.188034188034193,1.0343900300698552,25.000000000000007,0.8373447660887102,12.90598290598291
absolute_3_focused,family_B_conservative_DDD_equal,111D_site4,AT_pair,33.67502999082023,100.0,37.028577608307614,100.0,28.498071462369044,100.0
absolute_3_focused,family_B_conservative_DDD_equal,111D_site9,AT_pair,31.4295221669847,100.0,34.49362119235682,100.0,26.54575607679621,100.0
absolute_3_focused,family_B_conservative_DDD_equal,178D_site4,AT_pair,36.24121897659346,100.0,37.94883820194808,100.0,30.67778150260949,100.0
absolute_3_focused,family_B_conservative_DDD_equal,178D_site9,AT_pair,33.19870171968702,100.0,35.544148331135766,100.0,27.973686537910687,100.0
absolute_3_focused,family_B_conservative_DDD_equal,183D_primary,GC_pair,0.989538117723606,19.09722222222222,1.0073655557607493,24.203042328042326,0.8996007588752539,13.624338624338625
