block,site,feature,raw_difference_178D_minus_111D,reference_sd,standardized_direct_difference,squared_direct_contribution,share_of_direct_D_squared_pct
signed_6_complete,4,oriented_shear_A,1.001,0.3081697426630984,3.2482098707994416,10.550867364758926,19.2168303384849
signed_6_complete,4,oriented_stretch_A,-1.0169999999999995,0.16016161880798452,-6.349835919298907,40.32041620201859,73.43762086511576
signed_6_complete,4,oriented_stagger_A,0.11299999999999999,0.26939608114224406,0.4194567327070165,0.1759439506132455,0.32045564891761474
signed_6_complete,4,oriented_buckle_deg,-3.218,6.412694320642455,-0.5018171519015435,0.2518204539425768,0.4586533762464105
signed_6_complete,4,oriented_propeller_deg,3.8359999999999985,5.121427338712742,0.7490099431859103,0.5610158949913606,1.0218067291085284
signed_6_complete,4,oriented_opening_deg,-7.641000000000005,4.379359436973075,-1.7447757166242812,3.044242301321774,5.5446330421267715
signed_6_complete,9,oriented_shear_A,0.632,0.3081697426630984,2.0508178205247223,4.205853732981772,23.907556618742763
signed_6_complete,9,oriented_stretch_A,-0.5589999999999997,0.16016161880798452,-3.4902244630168036,12.181666802240935,69.2448923036517
signed_6_complete,9,oriented_stagger_A,-0.245,0.26939608114224406,-0.909441588612558,0.8270840030981331,4.701437303314497
signed_6_complete,9,oriented_buckle_deg,0.776,6.412694320642455,0.12100997820870035,0.014643414826070135,0.08323833667839209
signed_6_complete,9,oriented_propeller_deg,-2.0869999999999997,5.121427338712742,-0.4075035848355045,0.1660591716537872,0.9439389242763396
signed_6_complete,9,oriented_opening_deg,-1.9429999999999978,4.379359436973075,-0.44367219178130773,0.1968450137600295,1.1189365133363043
absolute_6_sensitivity,4,abs_shear_A,0.531,0.23137141422112048,2.295011256198339,5.267076666077078,8.070362147177672
absolute_6_sensitivity,4,abs_stretch_A,1.0169999999999995,0.14288350040730627,7.117686766498029,50.66146490598116,77.62491313845199
absolute_6_sensitivity,4,abs_stagger_A,-0.061,0.1848870772084445,-0.3299311175287155,0.10885454231374708,0.16678997355311306
absolute_6_sensitivity,4,abs_buckle_deg,-3.218,4.353142498376565,-0.7392360808772287,0.5464699832707246,0.8373165889080555
absolute_6_sensitivity,4,abs_propeller_deg,3.8359999999999985,5.121427338712742,0.7490099431859103,0.5610158949913606,0.8596042415831098
absolute_6_sensitivity,4,abs_opening_deg,-7.641000000000005,2.6815382962488314,-2.8494838245229985,8.119558066218215,12.441013910326038
absolute_6_sensitivity,9,abs_shear_A,-0.4600000000000001,0.23137141422112048,-1.9881453443526105,3.9527219102709603,19.297073066600273
absolute_6_sensitivity,9,abs_stretch_A,0.5589999999999997,0.14288350040730627,3.912278173522515,15.305920507020668,74.72305744759726
absolute_6_sensitivity,9,abs_stagger_A,0.131,0.1848870772084445,0.7085405966600284,0.5020297771153491,2.4508947278661064
absolute_6_sensitivity,9,abs_buckle_deg,0.776,4.353142498376565,0.17826202571806388,0.03177734981310767,0.15513609485480337
absolute_6_sensitivity,9,abs_propeller_deg,-2.0869999999999997,5.121427338712742,-0.4075035848355045,0.1660591716537872,0.8106960321331035
absolute_6_sensitivity,9,abs_opening_deg,-1.9429999999999978,2.6815382962488314,-0.7245840951509195,0.5250221109456767,2.5631426309484366
absolute_3_focused,4,abs_stretch_A,1.0169999999999995,0.14288350040730627,7.117686766498029,50.66146490598116,85.3719654280215
absolute_3_focused,4,abs_opening_deg,-7.641000000000005,2.6815382962488314,-2.8494838245229985,8.119558066218215,13.682640875198151
absolute_3_focused,4,abs_propeller_deg,3.8359999999999985,5.121427338712742,0.7490099431859103,0.5610158949913606,0.9453936967803397
absolute_3_focused,9,abs_stretch_A,0.5589999999999997,0.14288350040730627,3.912278173522515,15.305920507020668,95.6799324542935
absolute_3_focused,9,abs_opening_deg,-1.9429999999999978,2.6815382962488314,-0.7245840951509195,0.5250221109456767,3.2820032019146512
absolute_3_focused,9,abs_propeller_deg,-2.0869999999999997,5.121427338712742,-0.4075035848355045,0.1660591716537872,1.038064343791828
