filter,pair_group,weighting,target_role,n_reference_pairs,n_reference_structures,D_diagonal,D_diagonal_observed_fraction_le_target,D_diagonal_exceeds_observed_max,D_diagonal_reference_max,D_diagonal_finite_sample_upper_tail_bound_pair_level,D_mahalanobis,D_mahalanobis_observed_fraction_le_target,D_mahalanobis_exceeds_observed_max,D_mahalanobis_reference_max,D_mahalanobis_finite_sample_upper_tail_bound_pair_level
all_pairs,AT_pair,pair_equal,111D_site4,105,18,32.649183741483206,1.0,True,6.802122275231179,0.009433962264150943,35.550298664818975,1.0,True,6.542638977224336,0.009433962264150943
all_pairs,AT_pair,pair_equal,111D_site9,105,18,30.882520286120926,1.0,True,6.802122275231179,0.009433962264150943,33.80541824022476,1.0,True,6.542638977224336,0.009433962264150943
all_pairs,AT_pair,pair_equal,178D_site4,105,18,36.91790523326159,1.0,True,6.802122275231179,0.009433962264150943,40.26939017237572,1.0,True,6.542638977224336,0.009433962264150943
all_pairs,AT_pair,pair_equal,178D_site9,105,18,33.19032416246623,1.0,True,6.802122275231179,0.009433962264150943,36.22702786740804,1.0,True,6.542638977224336,0.009433962264150943
all_pairs,AT_pair,structure_equal,111D_site4,105,18,27.89366786088492,1.0,True,6.354145105374611,0.009433962264150943,31.8423169500061,1.0,True,4.88186594628108,0.009433962264150943
all_pairs,AT_pair,structure_equal,111D_site9,105,18,26.521262518916394,1.0,True,6.354145105374611,0.009433962264150943,30.781331307275824,1.0,True,4.88186594628108,0.009433962264150943
all_pairs,AT_pair,structure_equal,178D_site4,105,18,31.289275166836152,1.0,True,6.354145105374611,0.009433962264150943,36.23609732680496,1.0,True,4.88186594628108,0.009433962264150943
all_pairs,AT_pair,structure_equal,178D_site9,105,18,28.25684570270018,1.0,True,6.354145105374611,0.009433962264150943,32.44733895757764,1.0,True,4.88186594628108,0.009433962264150943
all_pairs,GC_pair,pair_equal,183D_primary,125,18,1.3704343562707066,0.192,False,7.398119145611227,0.8095238095238095,1.313680272300288,0.104,False,6.262570838846306,0.8968253968253969
all_pairs,GC_pair,structure_equal,183D_primary,125,18,1.3623782589057551,0.144,False,7.580499936864318,0.8571428571428571,1.3292263391220511,0.112,False,6.5807300754668026,0.8888888888888888
nonterminal_only,AT_pair,pair_equal,111D_site4,103,18,32.48125373189376,1.0,True,6.733258214806873,0.009615384615384616,35.209525268462656,1.0,True,6.515395856458713,0.009615384615384616
nonterminal_only,AT_pair,pair_equal,111D_site9,103,18,30.738898845278598,1.0,True,6.733258214806873,0.009615384615384616,33.48480107486417,1.0,True,6.515395856458713,0.009615384615384616
nonterminal_only,AT_pair,pair_equal,178D_site4,103,18,36.74650923417326,1.0,True,6.733258214806873,0.009615384615384616,39.88408678558081,1.0,True,6.515395856458713,0.009615384615384616
nonterminal_only,AT_pair,pair_equal,178D_site9,103,18,33.03346345506205,1.0,True,6.733258214806873,0.009615384615384616,35.88008491893837,1.0,True,6.515395856458713,0.009615384615384616
nonterminal_only,AT_pair,structure_equal,111D_site4,103,18,27.91064861424393,1.0,True,6.336786158389827,0.009615384615384616,31.825955333894395,1.0,True,4.874629978181558,0.009615384615384616
nonterminal_only,AT_pair,structure_equal,111D_site9,103,18,26.547346295244708,1.0,True,6.336786158389827,0.009615384615384616,30.773654656572194,1.0,True,4.874629978181558,0.009615384615384616
nonterminal_only,AT_pair,structure_equal,178D_site4,103,18,31.30713137158994,1.0,True,6.336786158389827,0.009615384615384616,36.196283910478876,1.0,True,4.874629978181558,0.009615384615384616
nonterminal_only,AT_pair,structure_equal,178D_site9,103,18,28.276259675269987,1.0,True,6.336786158389827,0.009615384615384616,32.42495773878952,1.0,True,4.874629978181558,0.009615384615384616
nonterminal_only,GC_pair,pair_equal,183D_primary,91,18,1.3624137949900486,0.21978021978021978,False,7.404191490554916,0.782608695652174,1.269780716806109,0.0989010989010989,False,5.871022581887308,0.9021739130434783
nonterminal_only,GC_pair,structure_equal,183D_primary,91,18,1.3241199987558532,0.15384615384615385,False,7.659372316192502,0.8478260869565217,1.2961099345770803,0.08791208791208792,False,6.1816313073475255,0.9130434782608695
resolution_le_2_5A,AT_pair,pair_equal,111D_site4,99,16,36.977953146626255,1.0,True,5.31712973240397,0.01,42.37144727002053,1.0,True,5.302946777820603,0.01
resolution_le_2_5A,AT_pair,pair_equal,111D_site9,99,16,34.912609071585585,1.0,True,5.31712973240397,0.01,39.81237183765676,1.0,True,5.302946777820603,0.01
resolution_le_2_5A,AT_pair,pair_equal,178D_site4,99,16,41.98214684544883,1.0,True,5.31712973240397,0.01,47.41797353629082,1.0,True,5.302946777820603,0.01
resolution_le_2_5A,AT_pair,pair_equal,178D_site9,99,16,37.669480572666814,1.0,True,5.31712973240397,0.01,42.98160986884137,1.0,True,5.302946777820603,0.01
resolution_le_2_5A,AT_pair,structure_equal,111D_site4,99,16,37.63105242459716,1.0,True,5.501166307996293,0.01,44.30153756838451,1.0,True,5.285832676119636,0.01
resolution_le_2_5A,AT_pair,structure_equal,111D_site9,99,16,35.57132191909005,1.0,True,5.501166307996293,0.01,41.707275540502046,1.0,True,5.285832676119636,0.01
resolution_le_2_5A,AT_pair,structure_equal,178D_site4,99,16,42.600997800366,1.0,True,5.501166307996293,0.01,49.30370754762706,1.0,True,5.285832676119636,0.01
resolution_le_2_5A,AT_pair,structure_equal,178D_site9,99,16,38.284961082047744,1.0,True,5.501166307996293,0.01,44.80223145091385,1.0,True,5.285832676119636,0.01
resolution_le_2_5A,GC_pair,pair_equal,183D_primary,109,16,2.0730233623236907,0.46788990825688076,False,5.890854136540686,0.5363636363636364,2.1941436977290376,0.5137614678899083,False,5.617006028019216,0.4909090909090909
resolution_le_2_5A,GC_pair,structure_equal,183D_primary,109,16,1.963092351409841,0.3761467889908257,False,5.839647991031443,0.6272727272727273,2.205987368507935,0.5321100917431193,False,5.504145673654705,0.4727272727272727
resolution_le_2_0A,AT_pair,pair_equal,111D_site4,45,9,69.85491572603507,1.0,True,4.437411166283889,0.021739130434782608,81.22058362535381,1.0,True,3.9971638292142453,0.021739130434782608
resolution_le_2_0A,AT_pair,pair_equal,111D_site9,45,9,65.92009109867912,1.0,True,4.437411166283889,0.021739130434782608,78.17718215084706,1.0,True,3.9971638292142453,0.021739130434782608
resolution_le_2_0A,AT_pair,pair_equal,178D_site4,45,9,81.17797577712093,1.0,True,4.437411166283889,0.021739130434782608,92.16171412541382,1.0,True,3.9971638292142453,0.021739130434782608
resolution_le_2_0A,AT_pair,pair_equal,178D_site9,45,9,72.13016434962172,1.0,True,4.437411166283889,0.021739130434782608,83.37910220398368,1.0,True,3.9971638292142453,0.021739130434782608
resolution_le_2_0A,AT_pair,structure_equal,111D_site4,45,9,71.68984496032343,1.0,True,4.718849999018844,0.021739130434782608,89.26679518048677,1.0,True,4.787409063172443,0.021739130434782608
resolution_le_2_0A,AT_pair,structure_equal,111D_site9,45,9,67.63423379377,1.0,True,4.718849999018844,0.021739130434782608,85.82424920432014,1.0,True,4.787409063172443,0.021739130434782608
resolution_le_2_0A,AT_pair,structure_equal,178D_site4,45,9,82.9706069521395,1.0,True,4.718849999018844,0.021739130434782608,100.7347508370105,1.0,True,4.787409063172443,0.021739130434782608
resolution_le_2_0A,AT_pair,structure_equal,178D_site9,45,9,73.84306432483824,1.0,True,4.718849999018844,0.021739130434782608,91.2406529656572,1.0,True,4.787409063172443,0.021739130434782608
resolution_le_2_0A,GC_pair,pair_equal,183D_primary,57,9,2.8935630807797,0.7894736842105263,False,4.438055451103621,0.22413793103448276,2.6941586867323553,0.7894736842105263,False,4.845000766204499,0.22413793103448276
resolution_le_2_0A,GC_pair,structure_equal,183D_primary,57,9,2.8604281990439233,0.7894736842105263,False,4.415051123040212,0.22413793103448276,2.7134481073716485,0.7894736842105263,False,4.970919914468396,0.22413793103448276
nonterminal_and_resolution_le_2_5A,AT_pair,pair_equal,111D_site4,97,16,36.82049639409112,1.0,True,5.267699570151064,0.01020408163265306,41.97910451719703,1.0,True,5.252513763967275,0.01020408163265306
nonterminal_and_resolution_le_2_5A,AT_pair,pair_equal,111D_site9,97,16,34.778064797932856,1.0,True,5.267699570151064,0.01020408163265306,39.43144759713219,1.0,True,5.252513763967275,0.01020408163265306
nonterminal_and_resolution_le_2_5A,AT_pair,pair_equal,178D_site4,97,16,41.83934167418839,1.0,True,5.267699570151064,0.01020408163265306,46.98888727341594,1.0,True,5.252513763967275,0.01020408163265306
nonterminal_and_resolution_le_2_5A,AT_pair,pair_equal,178D_site9,97,16,37.53163575162338,1.0,True,5.267699570151064,0.01020408163265306,42.585736239668805,1.0,True,5.252513763967275,0.01020408163265306
nonterminal_and_resolution_le_2_5A,AT_pair,structure_equal,111D_site4,97,16,37.613695896324224,1.0,True,5.474175774755142,0.01020408163265306,44.07712613393702,1.0,True,5.259243663404755,0.01020408163265306
nonterminal_and_resolution_le_2_5A,AT_pair,structure_equal,111D_site9,97,16,35.564843291427515,1.0,True,5.474175774755142,0.01020408163265306,41.49878186208484,1.0,True,5.259243663404755,0.01020408163265306
nonterminal_and_resolution_le_2_5A,AT_pair,structure_equal,178D_site4,97,16,42.58158204261044,1.0,True,5.474175774755142,0.01020408163265306,49.05072990414494,1.0,True,5.259243663404755,0.01020408163265306
nonterminal_and_resolution_le_2_5A,AT_pair,structure_equal,178D_site9,97,16,38.27013623667733,1.0,True,5.474175774755142,0.01020408163265306,44.57532475997065,1.0,True,5.259243663404755,0.01020408163265306
nonterminal_and_resolution_le_2_5A,GC_pair,pair_equal,183D_primary,79,16,2.1311951661504853,0.4050632911392405,False,4.243459742648436,0.6,2.0968018991271937,0.4177215189873418,False,4.107350109710978,0.5875
nonterminal_and_resolution_le_2_5A,GC_pair,structure_equal,183D_primary,79,16,1.912598987133477,0.3670886075949367,False,4.615898399821639,0.6375,2.02081898968727,0.379746835443038,False,4.256673233857971,0.625
no_nonwater_hetero_structure,AT_pair,pair_equal,111D_site4,56,8,35.906947562484,1.0,True,4.543383009975369,0.017543859649122806,37.972088681736174,1.0,True,4.5573485379492435,0.017543859649122806
no_nonwater_hetero_structure,AT_pair,pair_equal,111D_site9,56,8,33.98296993500334,1.0,True,4.543383009975369,0.017543859649122806,35.60708514231123,1.0,True,4.5573485379492435,0.017543859649122806
no_nonwater_hetero_structure,AT_pair,pair_equal,178D_site4,56,8,41.80779880329013,1.0,True,4.543383009975369,0.017543859649122806,43.48779035945065,1.0,True,4.5573485379492435,0.017543859649122806
no_nonwater_hetero_structure,AT_pair,pair_equal,178D_site9,56,8,37.15188595692938,1.0,True,4.543383009975369,0.017543859649122806,39.02541900421095,1.0,True,4.5573485379492435,0.017543859649122806
no_nonwater_hetero_structure,AT_pair,structure_equal,111D_site4,56,8,34.364058634486476,1.0,True,4.514270404230945,0.017543859649122806,37.07392195182246,1.0,True,4.297540762654614,0.017543859649122806
no_nonwater_hetero_structure,AT_pair,structure_equal,111D_site9,56,8,32.57502041577736,1.0,True,4.514270404230945,0.017543859649122806,34.9016504402764,1.0,True,4.297540762654614,0.017543859649122806
no_nonwater_hetero_structure,AT_pair,structure_equal,178D_site4,56,8,39.87171911034925,1.0,True,4.514270404230945,0.017543859649122806,42.16744185042602,1.0,True,4.297540762654614,0.017543859649122806
no_nonwater_hetero_structure,AT_pair,structure_equal,178D_site9,56,8,35.499512938899194,1.0,True,4.514270404230945,0.017543859649122806,37.990259525834006,1.0,True,4.297540762654614,0.017543859649122806
no_nonwater_hetero_structure,GC_pair,pair_equal,183D_primary,62,8,2.018510489851918,0.3548387096774194,False,5.0735446225676135,0.6507936507936508,2.0062680858700115,0.2903225806451613,False,4.496412798393408,0.7142857142857143
no_nonwater_hetero_structure,GC_pair,structure_equal,183D_primary,62,8,1.8683035239799175,0.27419354838709675,False,4.910706593570988,0.7301587301587301,1.9701200001242316,0.3064516129032258,False,4.373291641256087,0.6984126984126984
