baseline,weighting,covariance_shrinkage_to_diagonal,site,D_mahalanobis_111D,D_mahalanobis_178D,delta_178D_minus_111D
AT_only,pair_equal,0.0,4,35.550298664819024,40.2693901723759,4.719091507556875
AT_only,pair_equal,0.0,9,33.80541824022478,36.227027867408104,2.4216096271833223
AT_only,pair_equal,0.1,4,35.198033059996014,39.83072052522066,4.632687465224649
AT_only,pair_equal,0.1,9,33.445723865803004,35.8483075648172,2.402583699014194
AT_only,pair_equal,0.25,4,34.7035555669393,39.22915016808258,4.525594601143283
AT_only,pair_equal,0.25,9,32.943368582310114,35.32110807664328,2.377739494333163
AT_only,pair_equal,0.5,4,33.95213484425493,38.34613417048631,4.393999326231381
AT_only,pair_equal,0.5,9,32.1851440546364,34.52990430964009,2.344760255003685
AT_only,pair_equal,1.0,4,32.6491837414832,36.91790523326159,4.268721491778393
AT_only,pair_equal,1.0,9,30.882520286120922,33.19032416246623,2.307803876345311
AT_only,structure_equal,0.0,4,31.84231695000635,36.23609732680526,4.393780376798908
AT_only,structure_equal,0.0,9,30.781331307276073,32.44733895757789,1.6660076503018182
AT_only,structure_equal,0.1,4,31.082385567092512,35.246174924268814,4.163789357176302
AT_only,structure_equal,0.1,9,29.989470421738776,31.628289510845875,1.6388190891070984
AT_only,structure_equal,0.25,4,30.178698447415385,34.08131531909823,3.902616871682845
AT_only,structure_equal,0.25,9,29.038341810270655,30.65867090052529,1.6203290902546357
AT_only,structure_equal,0.5,4,29.101091654613814,32.719368909542816,3.6182772549290014
AT_only,structure_equal,0.5,9,27.883041410414982,29.5121070986585,1.629065688243518
AT_only,structure_equal,1.0,4,27.89366786088492,31.289275166836152,3.3956073059512306
AT_only,structure_equal,1.0,9,26.521262518916394,28.25684570270018,1.7355831837837847
AT_only,family_A_equal,0.0,4,27.58781076715968,31.28864846322203,3.700837696062351
AT_only,family_A_equal,0.0,9,26.647139218090956,28.034854739343245,1.3877155212522894
AT_only,family_A_equal,0.1,4,27.076058865954526,30.547250192326693,3.4711913263721677
AT_only,family_A_equal,0.1,9,26.098550186092464,27.452732724657235,1.3541825385647712
AT_only,family_A_equal,0.25,4,26.4961880966642,29.71271417199474,3.216526075330542
AT_only,family_A_equal,0.25,9,25.468052242287342,26.796087467686842,1.3280352253994998
AT_only,family_A_equal,0.5,4,25.862060447405153,28.807944132958742,2.9458836855535893
AT_only,family_A_equal,0.5,9,24.757179236573737,26.082249469688147,1.3250702331144097
AT_only,family_A_equal,1.0,4,25.31854209645168,28.04550190092209,2.726959804470411
AT_only,family_A_equal,1.0,9,24.071288079322056,25.47287171971948,1.4015836403974227
AT_only,family_B_equal,0.0,4,26.584761842878805,30.1269560595566,3.542194216677796
AT_only,family_B_equal,0.0,9,25.670525048058348,26.992264726127978,1.3217396780696298
AT_only,family_B_equal,0.1,4,26.12962105228046,29.434384273204138,3.304763220923679
AT_only,family_B_equal,0.1,9,25.1763547691157,26.461371231007927,1.2850164618922264
AT_only,family_B_equal,0.25,4,25.627624030920572,28.67291812374126,3.0452940928206864
AT_only,family_B_equal,0.25,9,24.621837493858962,25.87785641755333,1.2560189236943664
AT_only,family_B_equal,0.5,4,25.105433194388826,27.879939092056205,2.774505897667378
AT_only,family_B_equal,0.5,9,24.021666441525234,25.272279634356696,1.2506131928314623
AT_only,family_B_equal,1.0,4,24.73974284436024,27.300035882386247,2.560293038026007
AT_only,family_B_equal,1.0,9,23.51348333010288,24.838010166957858,1.3245268368549787
GC_only,pair_equal,0.0,4,44.21496666352797,50.84212487299544,6.627158209467474
GC_only,pair_equal,0.0,9,41.280880337419035,44.814493403456254,3.533613066037219
GC_only,pair_equal,0.1,4,40.1920450170681,46.1219859591946,5.929940942126507
GC_only,pair_equal,0.1,9,37.55304997007248,40.72981668079145,3.1767667107189723
GC_only,pair_equal,0.25,4,36.20304299380373,41.39247141787066,5.189428424066932
GC_only,pair_equal,0.25,9,33.8622269381265,36.66527465456742,2.803047716440922
GC_only,pair_equal,0.5,4,32.35012460608774,36.7047965114399,4.354671905352163
GC_only,pair_equal,0.5,9,30.30795517429461,32.70553654690503,2.3975813726104214
GC_only,pair_equal,1.0,4,29.711529351614516,32.94609322685033,3.234563875235814
GC_only,pair_equal,1.0,9,27.914187229237907,29.84942815342057,1.9352409241826614
GC_only,structure_equal,0.0,4,43.892372652543315,50.367296174229466,6.474923521686151
GC_only,structure_equal,0.0,9,40.97971116571744,44.476687631810385,3.4969764660929457
GC_only,structure_equal,0.1,4,40.487515403267345,46.38414411532405,5.896628712056703
GC_only,structure_equal,0.1,9,37.82804455537296,41.03037886674211,3.2023343113691496
GC_only,structure_equal,0.25,4,36.97374417453289,42.22964177416337,5.2558975996304795
GC_only,structure_equal,0.25,9,34.581510854248386,37.46040543747549,2.878894583227101
GC_only,structure_equal,0.5,4,33.44004551571114,37.94245033478987,4.502404819078727
GC_only,structure_equal,0.5,9,31.32855241659841,33.837475089501375,2.5089226729029654
GC_only,structure_equal,1.0,4,30.764459768380693,34.21275438690322,3.448294618522528
GC_only,structure_equal,1.0,9,28.910436337278824,30.95977193358421,2.0493355963053865
GC_only,family_A_equal,0.0,4,39.520781957749755,45.704252830493985,6.1834708727442305
GC_only,family_A_equal,0.0,9,36.9159798643287,40.1639647670925,3.247984902763804
GC_only,family_A_equal,0.1,4,36.40473349291031,41.984758737585466,5.580025244675156
GC_only,family_A_equal,0.1,9,34.029942292901836,36.98418588626929,2.954243593367451
GC_only,family_A_equal,0.25,4,33.25694697532475,38.1760033868731,4.919056411548347
GC_only,family_A_equal,0.25,9,31.120737303328987,33.755468470182386,2.634731166853399
GC_only,family_A_equal,0.5,4,30.182055333586668,34.33359201459489,4.151536681008224
GC_only,family_A_equal,0.5,9,28.290594916110646,30.56415690240386,2.2735619862932133
GC_only,family_A_equal,1.0,4,28.18740359743449,31.299786506672383,3.112382909237894
GC_only,family_A_equal,1.0,9,26.49828478600233,28.347141349720744,1.8488565637184138
GC_only,family_B_equal,0.0,4,38.325851153189525,44.38342765095137,6.057576497761843
GC_only,family_B_equal,0.0,9,35.836398976597195,38.96415425302253,3.127755276425333
GC_only,family_B_equal,0.1,4,35.31655888029488,40.766824460363786,5.450265580068908
GC_only,family_B_equal,0.1,9,33.03974407517606,35.88483515805047,2.8450910828744114
GC_only,family_B_equal,0.25,4,32.29482418620684,37.08171398940174,4.786889803194903
GC_only,family_B_equal,0.25,9,30.238781523534612,32.77542150661392,2.5366399830793043
GC_only,family_B_equal,0.5,4,29.36746981380375,33.38796458231416,4.02049476851041
GC_only,family_B_equal,0.5,9,27.53801923389386,29.72542336782024,2.187404133926382
GC_only,family_B_equal,1.0,4,27.563182371285162,30.560479200381923,2.9972968290967614
GC_only,family_B_equal,1.0,9,25.91560815714763,27.69765403494507,1.7820458777974402
canonical_pooled,pair_equal,0.0,4,36.52134152842846,41.99599825112992,5.474656722701461
canonical_pooled,pair_equal,0.0,9,34.42722398822759,37.18117958055736,2.753955592329774
canonical_pooled,pair_equal,0.1,4,35.00068938256367,40.21469248213887,5.214003099575201
canonical_pooled,pair_equal,0.1,9,32.985235988291286,35.64843797577297,2.663201987481685
canonical_pooled,pair_equal,0.25,4,33.25346987420299,38.15409944735622,4.900629573153225
canonical_pooled,pair_equal,0.25,9,31.328949820176412,33.88332990474458,2.554380084568166
canonical_pooled,pair_equal,0.5,4,31.264552252904963,35.77172331917459,4.507171066269628
canonical_pooled,pair_equal,0.5,9,29.443888030096034,31.863974143419888,2.4200861133238547
canonical_pooled,pair_equal,1.0,4,29.298371328878975,33.242908688339476,3.944537359460501
canonical_pooled,pair_equal,1.0,9,27.57568812269145,29.82218842058376,2.246500297892311
canonical_pooled,structure_equal,0.0,4,35.30172988733682,40.4223799783671,5.120650091030278
canonical_pooled,structure_equal,0.0,9,33.36814232437487,35.83320421887086,2.465061894495989
canonical_pooled,structure_equal,0.1,4,33.84990723446295,38.78723851911953,4.937331284656587
canonical_pooled,structure_equal,0.1,9,31.982287076146076,34.40776943896702,2.425482362820947
canonical_pooled,structure_equal,0.25,4,32.19269108136341,36.90829881126028,4.715607729896874
canonical_pooled,structure_equal,0.25,9,30.399115829216413,32.77781799286569,2.3787021636492796
canonical_pooled,structure_equal,0.5,4,30.329227448489984,34.75826056329795,4.429033114807968
canonical_pooled,structure_equal,0.5,9,28.614984120846604,30.935707148556766,2.3207230277101623
canonical_pooled,structure_equal,1.0,4,28.592427883305664,32.556313077871685,3.9638851945660214
canonical_pooled,structure_equal,1.0,9,26.931225343690397,29.167807400654507,2.23658205696411
canonical_pooled,family_A_equal,0.0,4,31.120645395196327,35.69028741682504,4.569642021628717
canonical_pooled,family_A_equal,0.0,9,29.44140376591472,31.583739206709815,2.142335440795094
canonical_pooled,family_A_equal,0.1,4,30.0309642578221,34.42563816175463,4.394673903932528
canonical_pooled,family_A_equal,0.1,9,28.39645134803379,30.50436780307157,2.107916455037781
canonical_pooled,family_A_equal,0.25,4,28.783551771767137,32.96195521385147,4.178403442084331
canonical_pooled,family_A_equal,0.25,9,27.19878966415741,29.264454809103725,2.0656651449463155
canonical_pooled,family_A_equal,0.5,4,27.394540754280648,31.285690028013303,3.8911492737326547
canonical_pooled,family_A_equal,0.5,9,25.860688215288828,27.871713235618024,2.011025020329196
canonical_pooled,family_A_equal,1.0,4,26.29822287705134,29.710339332393914,3.4121164553425736
canonical_pooled,family_A_equal,1.0,9,24.779687992951107,26.712074980647934,1.9323869876968267
canonical_pooled,family_B_equal,0.0,4,30.137961679174143,34.55732955948219,4.419367880308048
canonical_pooled,family_B_equal,0.0,9,28.538134195555536,30.57418330518343,2.0360491096278928
canonical_pooled,family_B_equal,0.1,4,29.110467307154583,33.353903219397054,4.243435912242472
canonical_pooled,family_B_equal,0.1,9,27.54795560451152,29.553609182720535,2.0056535782090137
canonical_pooled,family_B_equal,0.25,4,27.942018731359003,31.96881270699444,4.026793975635439
canonical_pooled,family_B_equal,0.25,9,26.420482580492806,28.388696944663966,1.9682143641711605
canonical_pooled,family_B_equal,0.5,4,26.655494937869662,30.395790355960816,3.7402954180911543
canonical_pooled,family_B_equal,0.5,9,25.174461122837844,27.093899429542212,1.919438306704368
canonical_pooled,family_B_equal,1.0,4,25.708713647568754,28.973774298476233,3.265060650907479
canonical_pooled,family_B_equal,1.0,9,24.229872459193512,26.079203751997113,1.8493312928036012
