input_stem,pdb_id,is_assembly_input,dssr_pair_index,nt1,nt2,chain1,seq1,comp1,chain2,seq2,comp2,endpoint1,endpoint2,endpoint_pair_key,bp,name,DSSR,pair_type,is_terminal_stem_pair,has_altloc_endpoint,simple_params_json,raw_shear_A,raw_stretch_A,raw_stagger_A,raw_buckle_deg,raw_propeller_deg,raw_opening_deg,desired_first_comp,orientation_reversed,orientation_rule,oriented_nt1,oriented_nt2,oriented_comp1,oriented_comp2,oriented_shear_A,oriented_stretch_A,oriented_stagger_A,oriented_buckle_deg,oriented_propeller_deg,oriented_opening_deg,reference_canonical_wc,reference_altloc_excluded_sensitivity,target_role
119D,119D,False,1,A.DC1,B.DG24,A,1,DC,B,24,DG,A|1|DC,B|24|DG,A|1|DC || B|24|DG,C-G,WC,cW-W,M_minus_N,True,False,"[0.333, -0.296, 0.312, -4.577, -10.661, -1.9]",0.324,-0.306,0.312,-4.891,-10.521,-1.906,DG,True,M_minus_N,B.DG24,A.DC1,DG,DC,-0.324,-0.306,0.312,4.891,-10.521,-1.906,True,True,
119D,119D,False,2,A.DG2,B.DC23,A,2,DG,B,23,DC,A|2|DG,B|23|DC,A|2|DG || B|23|DC,G-C,WC,cW-W,M_minus_N,False,False,"[0.121, -0.389, 0.604, 0.623, -16.735, 2.226]",0.114,-0.391,0.604,0.328,-16.744,2.25,DG,False,none,A.DG2,B.DC23,DG,DC,0.114,-0.391,0.604,0.328,-16.744,2.25,True,True,
119D,119D,False,3,A.DT3,B.DA22,A,3,DT,B,22,DA,A|3|DT,B|22|DA,A|3|DT || B|22|DA,T-A,WC,cW-W,M_minus_N,False,False,"[-0.342, -0.434, -0.227, 3.727, -14.791, 6.431]",-0.323,-0.448,-0.227,4.344,-14.622,6.479,DA,True,M_minus_N,B.DA22,A.DT3,DA,DT,0.323,-0.448,-0.227,-4.344,-14.622,6.479,True,True,
119D,119D,False,4,A.DA4,B.DT21,A,4,DA,B,21,DT,A|4|DA,B|21|DT,A|4|DA || B|21|DT,A-T,WC,cW-W,M_minus_N,False,False,"[-0.087, -0.235, -0.178, 8.061, -1.834, 1.823]",-0.086,-0.236,-0.178,8.07,-1.794,1.819,DA,False,none,A.DA4,B.DT21,DA,DT,-0.086,-0.236,-0.178,8.07,-1.794,1.819,True,True,
119D,119D,False,5,A.DG5,B.DC20,A,5,DG,B,20,DC,A|5|DG,B|20|DC,A|5|DG || B|20|DC,G-C,WC,cW-W,M_minus_N,False,False,"[-0.004, -0.338, 0.088, 17.913, 0.211, -1.115]",-0.006,-0.338,0.088,17.913,0.113,-1.102,DG,False,none,A.DG5,B.DC20,DG,DC,-0.006,-0.338,0.088,17.913,0.113,-1.102,True,True,
119D,119D,False,6,A.DA6,B.DT19,A,6,DA,B,19,DT,A|6|DA,B|19|DT,A|6|DA || B|19|DT,A-T,WC,cW-W,M_minus_N,False,False,"[0.109, -0.35, 0.047, 11.244, -18.731, -5.72]",0.106,-0.35,0.047,11.071,-18.834,-5.772,DA,False,none,A.DA6,B.DT19,DA,DT,0.106,-0.35,0.047,11.071,-18.834,-5.772,True,True,
119D,119D,False,7,A.DT7,B.DA18,A,7,DT,B,18,DA,A|7|DT,B|18|DA,A|7|DT || B|18|DA,T-A,WC,cW-W,M_minus_N,False,False,"[-0.206, -0.366, 0.126, 4.819, -19.966, -4.058]",-0.195,-0.372,0.126,5.348,-19.831,-4.115,DA,True,M_minus_N,B.DA18,A.DT7,DA,DT,0.195,-0.372,0.126,-5.348,-19.831,-4.115,True,True,
119D,119D,False,8,A.DC8,B.DG17,A,8,DC,B,17,DG,A|8|DC,B|17|DG,A|8|DC || B|17|DG,C-G,WC,cW-W,M_minus_N,False,False,"[-0.373, -0.242, 0.567, -13.123, -17.122, -0.491]",-0.365,-0.255,0.567,-12.521,-17.567,-0.494,DG,True,M_minus_N,B.DG17,A.DC8,DG,DC,0.365,-0.255,0.567,12.521,-17.567,-0.494,True,True,
119D,119D,False,9,A.DT9,B.DA16,A,9,DT,B,16,DA,A|9|DT,B|16|DA,A|9|DT || B|16|DA,T-A,WC,cW-W,M_minus_N,False,False,"[-0.064, -0.31, -0.14, -7.908, -15.154, 1.215]",-0.062,-0.31,-0.14,-7.778,-15.221,1.223,DA,True,M_minus_N,B.DA16,A.DT9,DA,DT,0.062,-0.31,-0.14,7.778,-15.221,1.223,True,True,
119D,119D,False,10,A.DA10,B.DT15,A,10,DA,B,15,DT,A|10|DA,B|15|DT,A|10|DA || B|15|DT,A-T,WC,cW-W,M_minus_N,False,False,"[0.162, -0.535, 0.246, 14.846, -3.948, -1.411]",0.151,-0.538,0.246,14.772,-4.214,-1.4,DA,False,none,A.DA10,B.DT15,DA,DT,0.151,-0.538,0.246,14.772,-4.214,-1.4,True,True,
119D,119D,False,11,A.DC11,B.DG14,A,11,DC,B,14,DG,A|11|DC,B|14|DG,A|11|DC || B|14|DG,C-G,WC,cW-W,M_minus_N,False,False,"[0.064, -0.243, 0.042, 11.745, -14.612, 2.049]",0.066,-0.242,0.042,11.804,-14.565,2.055,DG,True,M_minus_N,B.DG14,A.DC11,DG,DC,-0.066,-0.242,0.042,-11.804,-14.565,2.055,True,True,
119D,119D,False,12,A.DG12,B.DC13,A,12,DG,B,13,DC,A|12|DG,B|13|DC,A|12|DG || B|13|DC,G-C,WC,cW-W,M_minus_N,True,False,"[-0.177, -0.246, 0.081, 2.352, -7.38, -3.937]",-0.174,-0.248,0.081,2.454,-7.347,-3.945,DG,False,none,A.DG12,B.DC13,DG,DC,-0.174,-0.248,0.081,2.454,-7.347,-3.945,True,True,
158D,158D,False,1,A.DC1,B.DG20,A,1,DC,B,20,DG,A|1|DC,B|20|DG,A|1|DC || B|20|DG,C-G,WC,cW-W,M_minus_N,True,False,"[0.094, -0.215, 0.089, -8.281, -16.189, -0.514]",0.091,-0.216,0.089,-8.419,-16.118,-0.518,DG,True,M_minus_N,B.DG20,A.DC1,DG,DC,-0.091,-0.216,0.089,8.419,-16.118,-0.518,True,True,
158D,158D,False,2,A.DC2,B.DG19,A,2,DC,B,19,DG,A|2|DC,B|19|DG,A|2|DC || B|19|DG,C-G,WC,cW-W,M_minus_N,False,False,"[0.258, -0.077, 0.049, -3.493, -8.03, -3.038]",0.256,-0.083,0.049,-3.674,-7.949,-3.044,DG,True,M_minus_N,B.DG19,A.DC2,DG,DC,-0.256,-0.083,0.049,3.674,-7.949,-3.044,True,True,
158D,158D,False,3,A.DA3,B.DT18,A,3,DA,B,18,DT,A|3|DA,B|18|DT,A|3|DA || B|18|DT,A-T,WC,cW-W,M_minus_N,False,False,"[0.153, -0.025, 0.169, -1.485, -6.122, 2.099]",0.153,-0.028,0.169,-1.595,-6.094,2.102,DA,False,none,A.DA3,B.DT18,DA,DT,0.153,-0.028,0.169,-1.595,-6.094,2.102,True,True,
158D,158D,False,4,A.DA4,B.DT17,A,4,DA,B,17,DT,A|4|DA,B|17|DT,A|4|DA || B|17|DT,A-T,WC,cW-W,M_minus_N,False,False,"[0.041, -0.047, 0.253, 11.057, -9.482, 0.746]",0.041,-0.047,0.253,11.017,-9.527,0.745,DA,False,none,A.DA4,B.DT17,DA,DT,0.041,-0.047,0.253,11.017,-9.527,0.745,True,True,
158D,158D,False,5,A.DG5,B.DC16,A,5,DG,B,16,DC,A|5|DG,B|16|DC,A|5|DG || B|16|DC,G-C,WC,cW-W,M_minus_N,False,False,"[-0.058, -0.074, 0.432, 11.727, -8.288, 0.736]",-0.057,-0.074,0.432,11.759,-8.242,0.734,DG,False,none,A.DG5,B.DC16,DG,DC,-0.057,-0.074,0.432,11.759,-8.242,0.734,True,True,
158D,158D,False,6,A.DC6,B.DG15,A,6,DC,B,15,DG,A|6|DC,B|15|DG,A|6|DC || B|15|DG,C-G,WC,cW-W,M_minus_N,False,False,"[0.183, 0.008, 0.148, -7.75, -14.201, 0.206]",0.183,0.005,0.148,-7.997,-14.064,0.207,DG,True,M_minus_N,B.DG15,A.DC6,DG,DC,-0.183,0.005,0.148,7.997,-14.064,0.207,True,True,
158D,158D,False,7,A.DT7,B.DA14,A,7,DT,B,14,DA,A|7|DT,B|14|DA,A|7|DT || B|14|DA,T-A,WC,cW-W,M_minus_N,False,False,"[-0.229, -0.127, 0.316, -13.495, -11.698, 2.486]",-0.226,-0.132,0.316,-13.231,-11.996,2.483,DA,True,M_minus_N,B.DA14,A.DT7,DA,DT,0.226,-0.132,0.316,13.231,-11.996,2.483,True,True,
158D,158D,False,8,A.DT8,B.DA13,A,8,DT,B,13,DA,A|8|DT,B|13|DA,A|8|DT || B|13|DA,T-A,WC,cW-W,M_minus_N,False,False,"[0.045, -0.084, 0.291, -6.757, -9.832, 2.102]",0.045,-0.085,0.291,-6.781,-9.816,2.106,DA,True,M_minus_N,B.DA13,A.DT8,DA,DT,-0.045,-0.085,0.291,6.781,-9.816,2.106,True,True,
158D,158D,False,9,A.DG9,B.DC12,A,9,DG,B,12,DC,A|9|DG,B|12|DC,A|9|DG || B|12|DC,G-C,WC,cW-W,M_minus_N,False,False,"[-0.299, -0.301, 0.007, -1.376, -7.597, -2.874]",-0.292,-0.308,0.007,-1.184,-7.629,-2.881,DG,False,none,A.DG9,B.DC12,DG,DC,-0.292,-0.308,0.007,-1.184,-7.629,-2.881,True,True,
158D,158D,False,10,A.DG10,B.DC11,A,10,DG,B,11,DC,A|10|DG,B|11|DC,A|10|DG || B|11|DC,G-C,WC,cW-W,M_minus_N,True,False,"[0.073, -0.22, 0.213, 8.107, -16.643, -1.128]",0.072,-0.221,0.213,7.963,-16.712,-1.138,DG,False,none,A.DG10,B.DC11,DG,DC,0.072,-0.221,0.213,7.963,-16.712,-1.138,True,True,
167D,167D,False,1,A.DC1,B.DG20,A,1,DC,B,20,DG,A|1|DC,B|20|DG,A|1|DC || B|20|DG,C-G,WC,cW-W,M_minus_N,True,False,"[0.476, -0.468, 0.186, -3.313, -12.988, -3.311]",0.454,-0.489,0.186,-3.894,-12.825,-3.33,DG,True,M_minus_N,B.DG20,A.DC1,DG,DC,-0.454,-0.489,0.186,3.894,-12.825,-3.33,True,True,
167D,167D,False,2,A.DC2,B.DG19,A,2,DC,B,19,DG,A|2|DC,B|19|DG,A|2|DC || B|19|DG,C-G,WC,cW-W,M_minus_N,False,False,"[0.297, -0.441, -0.201, 8.872, -15.492, -6.963]",0.288,-0.447,-0.201,8.521,-15.688,-7.01,DG,True,M_minus_N,B.DG19,A.DC2,DG,DC,-0.288,-0.447,-0.201,-8.521,-15.688,-7.01,True,True,
167D,167D,False,3,A.DA3,B.DT18,A,3,DA,B,18,DT,A|3|DA,B|18|DT,A|3|DA || B|18|DT,A-T,WC,cW-W,M_minus_N,False,False,"[0.122, -0.2, -0.03, 1.412, -11.577, -4.011]",0.119,-0.202,-0.03,1.23,-11.598,-4.032,DA,False,none,A.DA3,B.DT18,DA,DT,0.119,-0.202,-0.03,1.23,-11.598,-4.032,True,True,
167D,167D,False,4,A.DT4,B.DA17,A,4,DT,B,17,DA,A|4|DT,B|17|DA,A|4|DT || B|17|DA,T-A,WC,cW-W,M_minus_N,False,False,"[-0.32, -0.257, 0.086, 0.085, -16.494, -4.543]",-0.311,-0.268,0.086,0.667,-16.481,-4.591,DA,True,M_minus_N,B.DA17,A.DT4,DA,DT,0.311,-0.268,0.086,-0.667,-16.481,-4.591,True,True,
167D,167D,False,5,A.DT5,B.DA16,A,5,DT,B,16,DA,A|5|DT,B|16|DA,A|5|DT || B|16|DA,T-A,WC,cW-W,M_minus_N,False,False,"[0.434, -0.226, -0.12, 6.338, -16.039, 2.42]",0.427,-0.241,-0.12,5.768,-16.253,2.441,DA,True,M_minus_N,B.DA16,A.DT5,DA,DT,-0.427,-0.241,-0.12,-5.768,-16.253,2.441,True,True,
167D,167D,False,6,A.DA6,B.DT15,A,6,DA,B,15,DT,A|6|DA,B|15|DT,A|6|DA || B|15|DT,A-T,WC,cW-W,M_minus_N,False,False,"[-0.162, -0.368, -0.072, -7.155, -17.482, 6.058]",-0.16,-0.369,-0.072,-7.006,-17.543,6.118,DA,False,none,A.DA6,B.DT15,DA,DT,-0.16,-0.369,-0.072,-7.006,-17.543,6.118,True,True,
167D,167D,False,7,A.DA7,B.DT14,A,7,DA,B,14,DT,A|7|DA,B|14|DT,A|7|DA || B|14|DT,A-T,WC,cW-W,M_minus_N,False,False,"[-0.405, -0.043, 0.635, 1.648, -13.072, 1.678]",-0.403,-0.058,0.635,2.143,-13.0,1.689,DA,False,none,A.DA7,B.DT14,DA,DT,-0.403,-0.058,0.635,2.143,-13.0,1.689,True,True,
167D,167D,False,8,A.DT8,B.DA13,A,8,DT,B,13,DA,A|8|DT,B|13|DA,A|8|DT || B|13|DA,T-A,WC,cW-W,M_minus_N,False,False,"[0.058, -0.328, -0.093, -5.151, -19.1, 3.34]",0.056,-0.328,-0.093,-5.239,-19.076,3.383,DA,True,M_minus_N,B.DA13,A.DT8,DA,DT,-0.056,-0.328,-0.093,5.239,-19.076,3.383,True,True,
167D,167D,False,9,A.DG9,B.DC12,A,9,DG,B,12,DC,A|9|DG,B|12|DC,A|9|DG || B|12|DC,G-C,WC,cW-W,M_minus_N,False,False,"[0.655, -0.105, 0.088, 2.243, -7.341, -6.418]",0.646,-0.148,0.088,1.747,-7.474,-6.431,DG,False,none,A.DG9,B.DC12,DG,DC,0.646,-0.148,0.088,1.747,-7.474,-6.431,True,True,
167D,167D,False,10,A.DG10,B.DC11,A,10,DG,B,11,DC,A|10|DG,B|11|DC,A|10|DG || B|11|DC,G-C,WC,cW-W,M_minus_N,True,False,"[-0.043, -0.107, 0.089, 6.465, -12.473, 1.695]",-0.043,-0.107,0.089,6.514,-12.448,1.703,DG,False,none,A.DG10,B.DC11,DG,DC,-0.043,-0.107,0.089,6.514,-12.448,1.703,True,True,
1BNA,1BNA,False,1,A.DC1,B.DG24,A,1,DC,B,24,DG,A|1|DC,B|24|DG,A|1|DC || B|24|DG,C-G,WC,cW-W,M_minus_N,True,False,"[-0.434, -0.247, 0.06, 2.074, -14.317, -3.639]",-0.422,-0.268,0.06,2.762,-14.2,-3.666,DG,True,M_minus_N,B.DG24,A.DC1,DG,DC,0.422,-0.268,0.06,-2.762,-14.2,-3.666,True,True,
1BNA,1BNA,False,2,A.DG2,B.DC23,A,2,DG,B,23,DC,A|2|DG,B|23|DC,A|2|DG || B|23|DC,G-C,WC,cW-W,M_minus_N,False,False,"[-0.023, -0.266, 0.249, -4.413, -10.863, -4.007]",-0.024,-0.266,0.249,-4.455,-10.846,-4.022,DG,False,none,A.DG2,B.DC23,DG,DC,-0.024,-0.266,0.249,-4.455,-10.846,-4.022,True,True,
1BNA,1BNA,False,3,A.DC3,B.DG22,A,3,DC,B,22,DG,A|3|DC,B|22|DG,A|3|DC || B|22|DG,C-G,WC,cW-W,M_minus_N,False,False,"[0.002, -0.248, 0.213, -6.952, -3.906, -2.349]",0.003,-0.248,0.213,-6.94,-3.928,-2.346,DG,True,M_minus_N,B.DG22,A.DC3,DG,DC,-0.003,-0.248,0.213,6.94,-3.928,-2.346,True,True,
1BNA,1BNA,False,4,A.DG4,B.DC21,A,4,DG,B,21,DC,A|4|DG,B|21|DC,A|4|DG || B|21|DC,G-C,WC,cW-W,M_minus_N,False,False,"[-0.388, -0.427, -0.18, 8.914, -10.734, -1.296]",-0.371,-0.442,-0.18,9.308,-10.394,-1.297,DG,False,none,A.DG4,B.DC21,DG,DC,-0.371,-0.442,-0.18,9.308,-10.394,-1.297,True,True,
1BNA,1BNA,False,5,A.DA5,B.DT20,A,5,DA,B,20,DT,A|5|DA,B|20|DT,A|5|DA || B|20|DT,A-T,WC,cW-W,M_minus_N,False,False,"[0.279, -0.214, 0.035, 5.565, -16.189, 1.818]",0.272,-0.222,0.035,5.035,-16.362,1.835,DA,False,none,A.DA5,B.DT20,DA,DT,0.272,-0.222,0.035,5.035,-16.362,1.835,True,True,
1BNA,1BNA,False,6,A.DA6,B.DT19,A,6,DA,B,19,DT,A|6|DA,B|19|DT,A|6|DA || B|19|DT,A-T,WC,cW-W,M_minus_N,False,False,"[-0.092, -0.041, 0.166, 3.484, -18.142, 5.492]",-0.092,-0.042,0.166,3.544,-18.13,5.558,DA,False,none,A.DA6,B.DT19,DA,DT,-0.092,-0.042,0.166,3.544,-18.13,5.558,True,True,
1BNA,1BNA,False,7,A.DT7,B.DA18,A,7,DT,B,18,DA,A|7|DT,B|18|DA,A|7|DT || B|18|DA,T-A,WC,cW-W,M_minus_N,False,False,"[0.319, -0.109, 0.133, 1.267, -17.675, 7.837]",0.317,-0.117,0.133,0.829,-17.701,7.931,DA,True,M_minus_N,B.DA18,A.DT7,DA,DT,-0.317,-0.117,0.133,-0.829,-17.701,7.931,True,True,
1BNA,1BNA,False,8,A.DT8,B.DA17,A,8,DT,B,17,DA,A|8|DT,B|17|DA,A|8|DT || B|17|DA,T-A,WC,cW-W,M_minus_N,False,False,"[0.253, -0.21, -0.099, -0.956, -17.698, 0.818]",0.249,-0.215,-0.099,-1.329,-17.674,0.828,DA,True,M_minus_N,B.DA17,A.DT8,DA,DT,-0.249,-0.215,-0.099,1.329,-17.674,0.828,True,True,
1BNA,1BNA,False,9,A.DC9,B.DG16,A,9,DC,B,16,DG,A|9|DC,B|16|DG,A|9|DC || B|16|DG,C-G,WC,cW-W,M_minus_N,False,False,"[-0.019, -0.251, -0.06, -10.204, -17.237, -0.86]",-0.019,-0.251,-0.06,-10.176,-17.254,-0.867,DG,True,M_minus_N,B.DG16,A.DC9,DG,DC,0.019,-0.251,-0.06,10.176,-17.254,-0.867,True,True,
1BNA,1BNA,False,10,A.DG10,B.DC15,A,10,DG,B,15,DC,A|10|DG,B|15|DC,A|10|DG || B|15|DC,G-C,WC,cW-W,M_minus_N,False,False,"[0.09, -0.277, 0.272, 1.734, -5.285, -1.128]",0.087,-0.278,0.272,1.665,-5.307,-1.129,DG,False,none,A.DG10,B.DC15,DG,DC,0.087,-0.278,0.272,1.665,-5.307,-1.129,True,True,
1BNA,1BNA,False,11,A.DC11,B.DG14,A,11,DC,B,14,DG,A|11|DC,B|14|DG,A|11|DC || B|14|DG,C-G,WC,cW-W,M_minus_N,False,False,"[0.07, -0.284, 0.586, -3.915, -18.056, -5.55]",0.069,-0.284,0.586,-3.958,-18.046,-5.616,DG,True,M_minus_N,B.DG14,A.DC11,DG,DC,-0.069,-0.284,0.586,3.958,-18.046,-5.616,True,True,
1BNA,1BNA,False,12,A.DG12,B.DC13,A,12,DG,B,13,DC,A|12|DG,B|13|DC,A|12|DG || B|13|DC,G-C,WC,cW-W,M_minus_N,True,False,"[-0.533, -0.084, 0.261, 6.683, 1.644, -3.87]",-0.529,-0.109,0.261,6.598,1.957,-3.864,DG,False,none,A.DG12,B.DC13,DG,DC,-0.529,-0.109,0.261,6.598,1.957,-3.864,True,True,
1D29,1D29,False,1,A.DC1,B.DG24,A,1,DC,B,24,DG,A|1|DC,B|24|DG,A|1|DC || B|24|DG,C-G,WC,cW-W,M_minus_N,True,False,"[-0.402, -0.13, -0.101, 2.981, -11.977, -6.659]",-0.396,-0.148,-0.101,3.493,-11.837,-6.692,DG,True,M_minus_N,B.DG24,A.DC1,DG,DC,0.396,-0.148,-0.101,-3.493,-11.837,-6.692,True,True,
1D29,1D29,False,2,A.DG2,B.DC23,A,2,DG,B,23,DC,A|2|DG,B|23|DC,A|2|DG || B|23|DC,G-C,WC,cW-W,M_minus_N,False,False,"[-0.259, -0.321, 0.044, -7.291, -13.458, -11.741]",-0.253,-0.325,0.044,-7.026,-13.598,-11.802,DG,False,none,A.DG2,B.DC23,DG,DC,-0.253,-0.325,0.044,-7.026,-13.598,-11.802,True,True,
1D29,1D29,False,3,A.DT3,B.DA22,A,3,DT,B,22,DA,A|3|DT,B|22|DA,A|3|DT || B|22|DA,T-A,WC,cW-W,M_minus_N,False,False,"[-0.184, -0.557, 0.188, -5.867, -10.853, -7.767]",-0.173,-0.561,0.188,-5.645,-10.969,-7.793,DA,True,M_minus_N,B.DA22,A.DT3,DA,DT,0.173,-0.561,0.188,5.645,-10.969,-7.793,True,True,
1D29,1D29,False,4,A.DG4,B.DC21,A,4,DG,B,21,DC,A|4|DG,B|21|DC,A|4|DG || B|21|DC,G-C,WC,cW-W,M_minus_N,False,False,"[-0.557, -0.532, -0.122, 6.571, -11.843, -0.334]",-0.527,-0.562,-0.122,7.209,-11.466,-0.335,DG,False,none,A.DG4,B.DC21,DG,DC,-0.527,-0.562,-0.122,7.209,-11.466,-0.335,True,True,
1D29,1D29,False,5,A.DA5,B.DT20,A,5,DA,B,20,DT,A|5|DA,B|20|DT,A|5|DA || B|20|DT,A-T,WC,cW-W,M_minus_N,False,False,"[0.705, -0.329, -0.265, 5.147, -11.823, 6.779]",0.68,-0.38,-0.265,4.26,-12.171,6.812,DA,False,none,A.DA5,B.DT20,DA,DT,0.68,-0.38,-0.265,4.26,-12.171,6.812,True,True,
1D29,1D29,False,6,A.DA6,B.DT19,A,6,DA,B,19,DT,A|6|DA,B|19|DT,A|6|DA || B|19|DT,A-T,WC,cW-W,M_minus_N,False,False,"[0.084, 0.061, -0.011, 3.083, -18.543, -2.964]",0.084,0.06,-0.011,2.831,-18.583,-3.002,DA,False,none,A.DA6,B.DT19,DA,DT,0.084,0.06,-0.011,2.831,-18.583,-3.002,True,True,
1D29,1D29,False,7,A.DT7,B.DA18,A,7,DT,B,18,DA,A|7|DT,B|18|DA,A|7|DT || B|18|DA,T-A,WC,cW-W,M_minus_N,False,False,"[0.414, 0.007, -0.229, 1.73, -21.296, 2.298]",0.414,-0.008,-0.229,0.947,-21.345,2.338,DA,True,M_minus_N,B.DA18,A.DT7,DA,DT,-0.414,-0.008,-0.229,-0.947,-21.345,2.338,True,True,
1D29,1D29,False,8,A.DT8,B.DA17,A,8,DT,B,17,DA,A|8|DT,B|17|DA,A|8|DT || B|17|DA,T-A,WC,cW-W,M_minus_N,False,False,"[0.334, -0.46, -0.134, 1.189, -18.3, 5.578]",0.321,-0.47,-0.134,0.659,-18.327,5.65,DA,True,M_minus_N,B.DA17,A.DT8,DA,DT,-0.321,-0.47,-0.134,-0.659,-18.327,5.65,True,True,
1D29,1D29,False,9,A.DC9,B.DG16,A,9,DC,B,16,DG,A|9|DC,B|16|DG,A|9|DC || B|16|DG,C-G,WC,cW-W,M_minus_N,False,False,"[0.41, -0.395, -0.35, -7.654, -18.992, -3.73]",0.393,-0.412,-0.35,-8.387,-18.68,-3.77,DG,True,M_minus_N,B.DG16,A.DC9,DG,DC,-0.393,-0.412,-0.35,8.387,-18.68,-3.77,True,True,
1D29,1D29,False,10,A.DA10,B.DT15,A,10,DA,B,15,DT,A|10|DA,B|15|DT,A|10|DA || B|15|DT,A-T,WC,cW-W,M_minus_N,False,False,"[0.097, -0.278, 0.333, 0.021, -15.297, 5.445]",0.092,-0.279,0.333,-0.231,-15.295,5.494,DA,False,none,A.DA10,B.DT15,DA,DT,0.092,-0.279,0.333,-0.231,-15.295,5.494,True,True,
1D29,1D29,False,11,A.DC11,B.DG14,A,11,DC,B,14,DG,A|11|DC,B|14|DG,A|11|DC || B|14|DG,C-G,WC,cW-W,M_minus_N,False,False,"[-0.184, -0.434, 0.515, 2.883, -16.359, -8.026]",-0.171,-0.44,0.515,3.348,-16.27,-8.103,DG,True,M_minus_N,B.DG14,A.DC11,DG,DC,0.171,-0.44,0.515,-3.348,-16.27,-8.103,True,True,
1D29,1D29,False,12,A.DG12,B.DC13,A,12,DG,B,13,DC,A|12|DG,B|13|DC,A|12|DG || B|13|DC,G-C,WC,cW-W,M_minus_N,True,False,"[-0.122, -0.466, 0.117, 3.268, -4.533, -7.899]",-0.118,-0.467,0.117,3.307,-4.505,-7.902,DG,False,none,A.DG12,B.DC13,DG,DC,-0.118,-0.467,0.117,3.307,-4.505,-7.902,True,True,
1D49,1D49,False,1,A.DC1,B.DG20,A,1,DC,B,20,DG,A|1|DC,B|20|DG,A|1|DC || B|20|DG,C-G,WC,cW-W,M_minus_N,True,False,"[-0.212, -0.34, 0.073, 5.037, -1.86, -3.334]",-0.204,-0.345,0.073,5.081,-1.734,-3.331,DG,True,M_minus_N,B.DG20,A.DC1,DG,DC,0.204,-0.345,0.073,-5.081,-1.734,-3.331,True,True,
1D49,1D49,False,2,A.DG2,B.DC19,A,2,DG,B,19,DC,A|2|DG,B|19|DC,A|2|DG || B|19|DC,G-C,WC,cW-W,M_minus_N,False,False,"[0.012, -0.242, 0.582, 14.256, -13.406, -3.76]",0.012,-0.242,0.582,14.271,-13.39,-3.757,DG,False,none,A.DG2,B.DC19,DG,DC,0.012,-0.242,0.582,14.271,-13.39,-3.757,True,True,
1D49,1D49,False,3,A.DA3,B.DT18,A,3,DA,B,18,DT,A|3|DA,B|18|DT,A|3|DA || B|18|DT,A-T,WC,cW-W,M_minus_N,False,False,"[0.16, -0.185, 0.055, 1.151, -12.036, -1.345]",0.156,-0.188,0.055,0.922,-12.056,-1.353,DA,False,none,A.DA3,B.DT18,DA,DT,0.156,-0.188,0.055,0.922,-12.056,-1.353,True,True,
1D49,1D49,False,4,A.DT4,B.DA17,A,4,DT,B,17,DA,A|4|DT,B|17|DA,A|4|DT || B|17|DA,T-A,WC,cW-W,M_minus_N,False,False,"[-0.103, -0.27, 0.311, 2.232, -20.067, 2.65]",-0.098,-0.272,0.311,2.552,-20.029,2.69,DA,True,M_minus_N,B.DA17,A.DT4,DA,DT,0.098,-0.272,0.311,-2.552,-20.029,2.69,True,True,
1D49,1D49,False,5,A.DT5,B.DA16,A,5,DT,B,16,DA,A|5|DT,B|16|DA,A|5|DT || B|16|DA,T-A,WC,cW-W,M_minus_N,False,False,"[-0.486, -0.162, 0.141, -1.977, -11.644, 6.526]",-0.477,-0.187,0.141,-1.356,-11.732,6.56,DA,True,M_minus_N,B.DA16,A.DT5,DA,DT,0.477,-0.187,0.141,1.356,-11.732,6.56,True,True,
1D49,1D49,False,6,A.DA6,B.DT15,A,6,DA,B,15,DT,A|6|DA,B|15|DT,A|6|DA || B|15|DT,A-T,WC,cW-W,M_minus_N,False,False,"[0.269, -0.069, -0.008, 9.333, -10.42, 5.655]",0.267,-0.078,-0.008,9.011,-10.7,5.662,DA,False,none,A.DA6,B.DT15,DA,DT,0.267,-0.078,-0.008,9.011,-10.7,5.662,True,True,
1D49,1D49,False,7,A.DA7,B.DT14,A,7,DA,B,14,DT,A|7|DA,B|14|DT,A|7|DA || B|14|DT,A-T,WC,cW-W,M_minus_N,False,False,"[0.218, -0.025, 0.032, -0.491, -14.345, -1.112]",0.217,-0.03,0.032,-0.864,-14.327,-1.121,DA,False,none,A.DA7,B.DT14,DA,DT,0.217,-0.03,0.032,-0.864,-14.327,-1.121,True,True,
1D49,1D49,False,8,A.DT8,B.DA13,A,8,DT,B,13,DA,A|8|DT,B|13|DA,A|8|DT || B|13|DA,T-A,WC,cW-W,M_minus_N,False,False,"[-0.089, -0.008, 0.018, 1.204, -14.635, 6.301]",-0.089,-0.009,0.018,1.431,-14.614,6.352,DA,True,M_minus_N,B.DA13,A.DT8,DA,DT,0.089,-0.009,0.018,-1.431,-14.614,6.352,True,True,
1D49,1D49,False,9,A.DC9,B.DG12,A,9,DC,B,12,DG,A|9|DC,B|12|DG,A|9|DC || B|12|DG,C-G,WC,cW-W,M_minus_N,False,False,"[0.177, -0.23, 0.146, -5.786, -17.152, -1.861]",0.172,-0.233,0.146,-6.072,-17.053,-1.879,DG,True,M_minus_N,B.DG12,A.DC9,DG,DC,-0.172,-0.233,0.146,6.072,-17.053,-1.879,True,True,
1D49,1D49,False,10,A.DG10,B.DC11,A,10,DG,B,11,DC,A|10|DG,B|11|DC,A|10|DG || B|11|DC,G-C,WC,cW-W,M_minus_N,True,False,"[0.255, -0.118, 0.253, 1.817, 2.799, -1.155]",0.251,-0.125,0.253,1.897,2.745,-1.155,DG,False,none,A.DG10,B.DC11,DG,DC,0.251,-0.125,0.253,1.897,2.745,-1.155,True,True,
1D65,1D65,False,1,A.DC1,B.DG24,A,1,DC,B,24,DG,A|1|DC,B|24|DG,A|1|DC || B|24|DG,C-G,WC,cW-W,M_minus_N,True,False,"[-0.078, -0.122, 0.265, -6.824, -17.797, -0.424]",-0.078,-0.123,0.265,-6.68,-17.852,-0.428,DG,True,M_minus_N,B.DG24,A.DC1,DG,DC,0.078,-0.123,0.265,6.68,-17.852,-0.428,True,True,
1D65,1D65,False,2,A.DG2,B.DC23,A,2,DG,B,23,DC,A|2|DG,B|23|DC,A|2|DG || B|23|DC,G-C,WC,cW-W,M_minus_N,False,False,"[-0.296, -0.172, -0.063, -5.01, -12.542, -4.36]",-0.292,-0.178,-0.063,-4.715,-12.656,-4.383,DG,False,none,A.DG2,B.DC23,DG,DC,-0.292,-0.178,-0.063,-4.715,-12.656,-4.383,True,True,
1D65,1D65,False,3,A.DC3,B.DG22,A,3,DC,B,22,DG,A|3|DC,B|22|DG,A|3|DC || B|22|DG,C-G,WC,cW-W,M_minus_N,False,False,"[0.002, -0.072, 0.096, -7.278, -6.812, -0.046]",0.002,-0.072,0.096,-7.276,-6.814,-0.046,DG,True,M_minus_N,B.DG22,A.DC3,DG,DC,-0.002,-0.072,0.096,7.276,-6.814,-0.046,True,True,
1D65,1D65,False,4,A.DA4,B.DT21,A,4,DA,B,21,DT,A|4|DA,B|21|DT,A|4|DA || B|21|DT,A-T,WC,cW-W,M_minus_N,False,False,"[0.189, 0.004, -0.425, 12.195, -11.634, -3.691]",0.189,0.0,-0.425,11.988,-11.846,-3.691,DA,False,none,A.DA4,B.DT21,DA,DT,0.189,0.0,-0.425,11.988,-11.846,-3.691,True,True,
1D65,1D65,False,5,A.DA5,B.DT20,A,5,DA,B,20,DT,A|5|DA,B|20|DT,A|5|DA || B|20|DT,A-T,WC,cW-W,M_minus_N,False,False,"[0.081, -0.078, -0.055, 6.71, -19.601, -2.761]",0.08,-0.079,-0.055,6.525,-19.664,-2.798,DA,False,none,A.DA5,B.DT20,DA,DT,0.08,-0.079,-0.055,6.525,-19.664,-2.798,True,True,
1D65,1D65,False,6,A.DA6,B.DT19,A,6,DA,B,19,DT,A|6|DA,B|19|DT,A|6|DA || B|19|DT,A-T,WC,cW-W,M_minus_N,False,False,"[0.043, -0.166, 0.28, 4.558, -20.261, -0.099]",0.042,-0.166,0.28,4.408,-20.294,-0.101,DA,False,none,A.DA6,B.DT19,DA,DT,0.042,-0.166,0.28,4.408,-20.294,-0.101,True,True,
1D65,1D65,False,7,A.DT7,B.DA18,A,7,DT,B,18,DA,A|7|DT,B|18|DA,A|7|DT || B|18|DA,T-A,WC,cW-W,M_minus_N,False,False,"[-0.178, -0.072, 0.071, 1.632, -15.166, -0.326]",-0.176,-0.076,0.071,1.988,-15.124,-0.329,DA,True,M_minus_N,B.DA18,A.DT7,DA,DT,0.176,-0.076,0.071,-1.988,-15.124,-0.329,True,True,
1D65,1D65,False,8,A.DT8,B.DA17,A,8,DT,B,17,DA,A|8|DT,B|17|DA,A|8|DT || B|17|DA,T-A,WC,cW-W,M_minus_N,False,False,"[0.239, -0.151, 0.099, -7.009, -18.179, -3.232]",0.235,-0.157,0.099,-7.423,-18.014,-3.265,DA,True,M_minus_N,B.DA17,A.DT8,DA,DT,-0.235,-0.157,0.099,7.423,-18.014,-3.265,True,True,
1D65,1D65,False,9,A.DT9,B.DA16,A,9,DT,B,16,DA,A|9|DT,B|16|DA,A|9|DT || B|16|DA,T-A,WC,cW-W,M_minus_N,False,False,"[0.091, -0.119, -0.279, -4.768, -14.624, -2.66]",0.09,-0.12,-0.279,-4.851,-14.596,-2.679,DA,True,M_minus_N,B.DA16,A.DT9,DA,DT,-0.09,-0.12,-0.279,4.851,-14.596,-2.679,True,True,
1D65,1D65,False,10,A.DG10,B.DC15,A,10,DG,B,15,DC,A|10|DG,B|15|DC,A|10|DG || B|15|DC,G-C,WC,cW-W,M_minus_N,False,False,"[-0.058, -0.095, 0.265, 9.03, 0.243, 0.828]",-0.057,-0.095,0.265,9.03,0.261,0.825,DG,False,none,A.DG10,B.DC15,DG,DC,-0.057,-0.095,0.265,9.03,0.261,0.825,True,True,
1D65,1D65,False,11,A.DC11,B.DG14,A,11,DC,B,14,DG,A|11|DC,B|14|DG,A|11|DC || B|14|DG,C-G,WC,cW-W,M_minus_N,False,False,"[0.278, -0.232, 0.192, 5.884, -17.767, -6.693]",0.274,-0.237,0.192,5.513,-17.886,-6.768,DG,True,M_minus_N,B.DG14,A.DC11,DG,DC,-0.274,-0.237,0.192,-5.513,-17.886,-6.768,True,True,
1D65,1D65,False,12,A.DG12,B.DC13,A,12,DG,B,13,DC,A|12|DG,B|13|DC,A|12|DG || B|13|DC,G-C,WC,cW-W,M_minus_N,True,False,"[-0.211, -0.191, -0.067, 5.791, 13.287, -4.673]",-0.208,-0.194,-0.067,5.608,13.365,-4.7,DG,False,none,A.DG12,B.DC13,DG,DC,-0.208,-0.194,-0.067,5.608,13.365,-4.7,True,True,
1D89,1D89,False,1,A.DC1,B.DG24,A,1,DC,B,24,DG,A|1|DC,B|24|DG,A|1|DC || B|24|DG,C-G,WC,cW-W,M_minus_N,True,False,"[0.642, -0.469, 0.044, -4.61, -26.417, -2.143]",0.611,-0.509,0.044,-6.229,-26.082,-2.196,DG,True,M_minus_N,B.DG24,A.DC1,DG,DC,-0.611,-0.509,0.044,6.229,-26.082,-2.196,True,True,
1D89,1D89,False,2,A.DG2,B.DC23,A,2,DG,B,23,DC,A|2|DG,B|23|DC,A|2|DG || B|23|DC,G-C,WC,cW-W,M_minus_N,False,False,"[-0.952, -0.403, -0.223, -12.258, -14.899, -1.925]",-0.915,-0.481,-0.223,-10.948,-15.887,-1.935,DG,False,none,A.DG2,B.DC23,DG,DC,-0.915,-0.481,-0.223,-10.948,-15.887,-1.935,True,True,
1D89,1D89,False,3,A.DC3,B.DG22,A,3,DC,B,22,DG,A|3|DC,B|22|DG,A|3|DC || B|22|DG,C-G,WC,cW-W,M_minus_N,False,False,"[0.525, -0.203, 0.448, -5.051, -18.132, 2.274]",0.514,-0.23,0.448,-5.936,-17.862,2.299,DG,True,M_minus_N,B.DG22,A.DC3,DG,DC,-0.514,-0.23,0.448,5.936,-17.862,2.299,True,True,
1D89,1D89,False,4,A.DG4,B.DC21,A,4,DG,B,21,DC,A|4|DG,B|21|DC,A|4|DG || B|21|DC,G-C,WC,cW-W,M_minus_N,False,False,"[-0.344, -0.306, 0.18, 9.504, -12.62, -3.655]",-0.333,-0.317,0.18,9.924,-12.293,-3.663,DG,False,none,A.DG4,B.DC21,DG,DC,-0.333,-0.317,0.18,9.924,-12.293,-3.663,True,True,
1D89,1D89,False,5,A.DA5,B.DT20,A,5,DA,B,20,DT,A|5|DA,B|20|DT,A|5|DA || B|20|DT,A-T,WC,cW-W,M_minus_N,False,False,"[0.022, -0.229, 0.683, 11.954, -17.23, 3.307]",0.022,-0.229,0.683,11.894,-17.271,3.327,DA,False,none,A.DA5,B.DT20,DA,DT,0.022,-0.229,0.683,11.894,-17.271,3.327,True,True,
1D89,1D89,False,6,A.DA6,B.DT19,A,6,DA,B,19,DT,A|6|DA,B|19|DT,A|6|DA || B|19|DT,A-T,WC,cW-W,M_minus_N,False,False,"[-0.144, -0.352, 0.401, 7.808, -14.927, 0.369]",-0.139,-0.353,0.401,7.971,-14.841,0.371,DA,False,none,A.DA6,B.DT19,DA,DT,-0.139,-0.353,0.401,7.971,-14.841,0.371,True,True,
1D89,1D89,False,7,A.DA7,B.DT18,A,7,DA,B,18,DT,A|7|DA,B|18|DT,A|7|DA || B|18|DT,A-T,WC,cW-W,M_minus_N,False,False,"[0.167, -0.338, 0.163, 2.568, -17.483, 0.902]",0.16,-0.342,0.163,2.18,-17.536,0.912,DA,False,none,A.DA7,B.DT18,DA,DT,0.16,-0.342,0.163,2.18,-17.536,0.912,True,True,
1D89,1D89,False,8,A.DA8,B.DT17,A,8,DA,B,17,DT,A|8|DA,B|17|DT,A|8|DA || B|17|DT,A-T,WC,cW-W,M_minus_N,False,False,"[0.147, -0.251, -0.461, -5.041, -18.575, 5.249]",0.141,-0.255,-0.461,-5.459,-18.456,5.312,DA,False,none,A.DA8,B.DT17,DA,DT,0.141,-0.255,-0.461,-5.459,-18.456,5.312,True,True,
1D89,1D89,False,9,A.DA9,B.DT16,A,9,DA,B,16,DT,A|9|DA,B|16|DT,A|9|DA || B|16|DT,A-T,WC,cW-W,M_minus_N,False,False,"[-0.126, -0.267, -0.757, -8.888, -17.644, -0.935]",-0.126,-0.267,-0.757,-8.832,-17.673,-0.944,DA,False,none,A.DA9,B.DT16,DA,DT,-0.126,-0.267,-0.757,-8.832,-17.673,-0.944,True,True,
1D89,1D89,False,10,A.DA10,B.DT15,A,10,DA,B,15,DT,A|10|DA,B|15|DT,A|10|DA || B|15|DT,A-T,WC,cW-W,M_minus_N,False,False,"[-0.079, -0.117, 0.268, 2.5, -13.66, 4.959]",-0.079,-0.117,0.268,2.517,-13.657,4.993,DA,False,none,A.DA10,B.DT15,DA,DT,-0.079,-0.117,0.268,2.517,-13.657,4.993,True,True,
1D89,1D89,False,11,A.DC11,B.DG14,A,11,DC,B,14,DG,A|11|DC,B|14|DG,A|11|DC || B|14|DG,C-G,WC,cW-W,M_minus_N,False,False,"[0.803, -0.43, -0.168, 13.333, -18.989, -1.503]",0.772,-0.483,-0.168,11.989,-19.864,-1.518,DG,True,M_minus_N,B.DG14,A.DC11,DG,DC,-0.772,-0.483,-0.168,-11.989,-19.864,-1.518,True,True,
1D89,1D89,False,12,A.DG12,B.DC13,A,12,DG,B,13,DC,A|12|DG,B|13|DC,A|12|DG || B|13|DC,G-C,WC,cW-W,M_minus_N,True,False,"[-0.647, -0.426, -0.034, -11.929, -6.358, -3.956]",-0.622,-0.463,-0.034,-11.553,-7.018,-3.943,DG,False,none,A.DG12,B.DC13,DG,DC,-0.622,-0.463,-0.034,-11.553,-7.018,-3.943,True,True,
1D89,1D89,False,13,C.DC25,D.DG48,C,25,DC,D,48,DG,C|25|DC,D|48|DG,C|25|DC || D|48|DG,C-G,WC,cW-W,M_minus_N,False,False,"[0.146, -0.395, 0.294, -4.118, -26.238, -2.188]",0.14,-0.397,0.294,-4.446,-26.185,-2.244,DG,True,M_minus_N,D.DG48,C.DC25,DG,DC,-0.14,-0.397,0.294,4.446,-26.185,-2.244,True,True,
1D89,1D89,False,14,C.DG26,D.DC47,C,26,DG,D,47,DC,C|26|DG,D|47|DC,C|26|DG || D|47|DC,G-C,WC,cW-W,M_minus_N,False,False,"[-0.508, -0.364, 0.089, 1.384, -9.54, -2.933]",-0.49,-0.388,0.089,1.827,-9.465,-2.943,DG,False,none,C.DG26,D.DC47,DG,DC,-0.49,-0.388,0.089,1.827,-9.465,-2.943,True,True,
1D89,1D89,False,15,C.DC27,D.DG46,C,27,DC,D,46,DG,C|27|DC,D|46|DG,C|27|DC || D|46|DG,C-G,WC,cW-W,M_minus_N,False,False,"[0.086, -0.186, -0.102, 17.664, -12.331, 1.194]",0.086,-0.186,-0.102,17.737,-12.225,1.186,DG,True,M_minus_N,D.DG46,C.DC27,DG,DC,-0.086,-0.186,-0.102,-17.737,-12.225,1.186,True,True,
1D89,1D89,False,16,C.DG28,D.DC45,C,28,DG,D,45,DC,C|28|DG,D|45|DC,C|28|DG || D|45|DC,G-C,WC,cW-W,M_minus_N,False,False,"[-0.711, -0.416, -0.018, 10.536, -13.768, -1.881]",-0.678,-0.467,-0.018,11.499,-12.974,-1.883,DG,False,none,C.DG28,D.DC45,DG,DC,-0.678,-0.467,-0.018,11.499,-12.974,-1.883,True,True,
1D89,1D89,False,17,C.DA29,D.DT44,C,29,DA,D,44,DT,C|29|DA,D|44|DT,C|29|DA || D|44|DT,A-T,WC,cW-W,M_minus_N,False,False,"[-0.233, -0.355, 0.865, 13.978, -20.273, 4.891]",-0.223,-0.362,0.865,14.509,-19.896,4.927,DA,False,none,C.DA29,D.DT44,DA,DT,-0.223,-0.362,0.865,14.509,-19.896,4.927,True,True,
1D89,1D89,False,18,C.DA30,D.DT43,C,30,DA,D,43,DT,C|30|DA,D|43|DT,C|30|DA || D|43|DT,A-T,WC,cW-W,M_minus_N,False,False,"[0.148, -0.247, -0.185, 3.949, -27.385, -5.716]",0.144,-0.25,-0.185,3.421,-27.456,-5.882,DA,False,none,C.DA30,D.DT43,DA,DT,0.144,-0.25,-0.185,3.421,-27.456,-5.882,True,True,
1D89,1D89,False,19,C.DA31,D.DT42,C,31,DA,D,42,DT,C|31|DA,D|42|DT,C|31|DA || D|42|DT,A-T,WC,cW-W,M_minus_N,False,False,"[0.21, -0.282, 0.291, 3.999, -26.635, -0.578]",0.204,-0.286,0.291,3.325,-26.727,-0.594,DA,False,none,C.DA31,D.DT42,DA,DT,0.204,-0.286,0.291,3.325,-26.727,-0.594,True,True,
1D89,1D89,False,20,C.DA32,D.DT41,C,32,DA,D,41,DT,C|32|DA,D|41|DT,C|32|DA || D|41|DT,A-T,WC,cW-W,M_minus_N,False,False,"[0.393, -0.181, -0.325, -2.679, -26.68, -3.857]",0.383,-0.199,-0.325,-3.917,-26.526,-3.961,DA,False,none,C.DA32,D.DT41,DA,DT,0.383,-0.199,-0.325,-3.917,-26.526,-3.961,True,True,
1D89,1D89,False,21,C.DA33,D.DT40,C,33,DA,D,40,DT,C|33|DA,D|40|DT,C|33|DA || D|40|DT,A-T,WC,cW-W,M_minus_N,False,False,"[-0.351, -0.209, -0.424, -12.883, -23.201, 9.354]",-0.347,-0.215,-0.424,-12.377,-23.475,9.5,DA,False,none,C.DA33,D.DT40,DA,DT,-0.347,-0.215,-0.424,-12.377,-23.475,9.5,True,True,
1D89,1D89,False,22,C.DA34,D.DT39,C,34,DA,D,39,DT,C|34|DA,D|39|DT,C|34|DA || D|39|DT,A-T,WC,cW-W,M_minus_N,False,False,"[0.108, -0.252, 0.281, -5.365, -27.206, 6.506]",0.102,-0.254,0.281,-5.907,-27.093,6.683,DA,False,none,C.DA34,D.DT39,DA,DT,0.102,-0.254,0.281,-5.907,-27.093,6.683,True,True,
1D89,1D89,False,23,C.DC35,D.DG38,C,35,DC,D,38,DG,C|35|DC,D|38|DG,C|35|DC || D|38|DG,C-G,WC,cW-W,M_minus_N,False,False,"[1.418, -0.333, 0.042, -2.202, -14.345, 2.9]",1.358,-0.526,0.042,-4.153,-13.906,2.919,DG,True,M_minus_N,D.DG38,C.DC35,DG,DC,-1.358,-0.526,0.042,4.153,-13.906,2.919,True,True,
1D89,1D89,False,24,C.DG36,D.DC37,C,36,DG,D,37,DC,C|36|DG,D|37|DC,C|36|DG || D|37|DC,G-C,WC,cW-W,M_minus_N,False,False,"[-0.636, -0.412, 0.036, 0.54, 8.737, -2.266]",-0.61,-0.449,0.036,0.025,8.754,-2.272,DG,False,none,C.DG36,D.DC37,DG,DC,-0.61,-0.449,0.036,0.025,8.754,-2.272,True,True,
1D89,1D89,False,25,E.DC49,F.DG72,E,49,DC,F,72,DG,E|49|DC,F|72|DG,E|49|DC || F|72|DG,C-G,WC,cW-W,M_minus_N,False,False,"[0.444, -0.357, 0.539, -16.402, -17.886, -3.854]",0.425,-0.38,0.539,-17.285,-17.035,-3.853,DG,True,M_minus_N,F.DG72,E.DC49,DG,DC,-0.425,-0.38,0.539,17.285,-17.035,-3.853,True,True,
1D89,1D89,False,26,E.DG50,F.DC71,E,50,DG,F,71,DC,E|50|DG,F|71|DC,E|50|DG || F|71|DC,G-C,WC,cW-W,M_minus_N,False,False,"[-0.316, -0.329, -0.11, -10.656, -17.603, -3.869]",-0.31,-0.335,-0.11,-10.261,-17.836,-3.901,DG,False,none,E.DG50,F.DC71,DG,DC,-0.31,-0.335,-0.11,-10.261,-17.836,-3.901,True,True,
1D89,1D89,False,27,E.DC51,F.DG70,E,51,DC,F,70,DG,E|51|DC,F|70|DG,E|51|DC || F|70|DG,C-G,WC,cW-W,M_minus_N,False,False,"[0.222, 0.088, -0.107, 6.525, -9.142, 8.284]",0.223,0.084,-0.107,6.391,-9.236,8.299,DG,True,M_minus_N,F.DG70,E.DC51,DG,DC,-0.223,0.084,-0.107,-6.391,-9.236,8.299,True,True,
1D89,1D89,False,28,E.DG52,F.DC69,E,52,DG,F,69,DC,E|52|DG,F|69|DC,E|52|DG || F|69|DC,G-C,WC,cW-W,M_minus_N,False,False,"[-0.522, -0.354, -0.161, 12.738, -15.374, 2.588]",-0.501,-0.382,-0.161,13.545,-14.667,2.591,DG,False,none,E.DG52,F.DC69,DG,DC,-0.501,-0.382,-0.161,13.545,-14.667,2.591,True,True,
1D89,1D89,False,29,E.DA53,F.DT68,E,53,DA,F,68,DT,E|53|DA,F|68|DT,E|53|DA || F|68|DT,A-T,WC,cW-W,M_minus_N,False,False,"[0.036, -0.246, 0.176, 15.192, -21.205, -0.511]",0.037,-0.246,0.176,15.218,-21.186,-0.516,DA,False,none,E.DA53,F.DT68,DA,DT,0.037,-0.246,0.176,15.218,-21.186,-0.516,True,True,
1D89,1D89,False,30,E.DA54,F.DT67,E,54,DA,F,67,DT,E|54|DA,F|67|DT,E|54|DA || F|67|DT,A-T,WC,cW-W,M_minus_N,False,False,"[0.363, -0.183, 0.302, 10.602, -27.894, -3.223]",0.357,-0.194,0.302,9.579,-28.262,-3.313,DA,False,none,E.DA54,F.DT67,DA,DT,0.357,-0.194,0.302,9.579,-28.262,-3.313,True,True,
1D89,1D89,False,31,E.DA55,F.DT66,E,55,DA,F,66,DT,E|55|DA,F|66|DT,E|55|DA || F|66|DT,A-T,WC,cW-W,M_minus_N,False,False,"[0.241, -0.115, 0.169, 2.188, -21.945, -2.21]",0.238,-0.122,0.169,1.546,-22.0,-2.251,DA,False,none,E.DA55,F.DT66,DA,DT,0.238,-0.122,0.169,1.546,-22.0,-2.251,True,True,
1D89,1D89,False,32,E.DA56,F.DT65,E,56,DA,F,65,DT,E|56|DA,F|65|DT,E|56|DA || F|65|DT,A-T,WC,cW-W,M_minus_N,False,False,"[0.222, -0.31, 0.349, 1.218, -23.476, -3.274]",0.214,-0.315,0.349,0.581,-23.501,-3.343,DA,False,none,E.DA56,F.DT65,DA,DT,0.214,-0.315,0.349,0.581,-23.501,-3.343,True,True,
1D89,1D89,False,33,E.DA57,F.DT64,E,57,DA,F,64,DT,E|57|DA,F|64|DT,E|57|DA || F|64|DT,A-T,WC,cW-W,M_minus_N,False,False,"[0.237, -0.2, 0.057, -3.823, -22.807, -0.944]",0.231,-0.208,0.057,-4.527,-22.678,-0.962,DA,False,none,E.DA57,F.DT64,DA,DT,0.231,-0.208,0.057,-4.527,-22.678,-0.962,True,True,
1D89,1D89,False,34,E.DA58,F.DT63,E,58,DA,F,63,DT,E|58|DA,F|63|DT,E|58|DA || F|63|DT,A-T,WC,cW-W,M_minus_N,False,False,"[-0.128, -0.111, 0.244, 4.25, -23.971, 4.475]",-0.127,-0.113,0.244,4.45,-23.934,4.571,DA,False,none,E.DA58,F.DT63,DA,DT,-0.127,-0.113,0.244,4.45,-23.934,4.571,True,True,
1D89,1D89,False,35,E.DC59,F.DG62,E,59,DC,F,62,DG,E|59|DC,F|62|DG,E|59|DC || F|62|DG,C-G,WC,cW-W,M_minus_N,False,False,"[0.877, -0.241, 0.033, 18.359, -17.647, -1.783]",0.858,-0.303,0.033,17.07,-18.897,-1.788,DG,True,M_minus_N,F.DG62,E.DC59,DG,DC,-0.858,-0.303,0.033,-17.07,-18.897,-1.788,True,True,
1D89,1D89,False,36,E.DG60,F.DC61,E,60,DG,F,61,DC,E|60|DG,F|61|DC,E|60|DG || F|61|DC,G-C,WC,cW-W,M_minus_N,False,False,"[-0.762, -0.249, 0.228, 4.836, 5.321, -0.193]",-0.743,-0.301,0.228,4.455,5.643,-0.193,DG,False,none,E.DG60,F.DC61,DG,DC,-0.743,-0.301,0.228,4.455,5.643,-0.193,True,True,
1D98,1D98,False,1,A.DC1,B.DG24,A,1,DC,B,24,DG,A|1|DC,B|24|DG,A|1|DC || B|24|DG,C-G,WC,cW-W,M_minus_N,True,False,"[-1.004, 0.086, -0.414, 13.196, -17.181, -12.026]",-1.008,-0.03,-0.414,15.047,-15.586,-12.036,DG,True,M_minus_N,B.DG24,A.DC1,DG,DC,1.008,-0.03,-0.414,-15.047,-15.586,-12.036,True,True,
1D98,1D98,False,2,A.DG2,B.DC23,A,2,DG,B,23,DC,A|2|DG,B|23|DC,A|2|DG || B|23|DC,G-C,WC,cW-W,M_minus_N,False,False,"[-0.703, -0.414, 0.071, -3.082, -12.625, -2.077]",-0.674,-0.459,0.071,-2.231,-12.803,-2.09,DG,False,none,A.DG2,B.DC23,DG,DC,-0.674,-0.459,0.071,-2.231,-12.803,-2.09,True,True,
1D98,1D98,False,3,A.DC3,B.DG22,A,3,DC,B,22,DG,A|3|DC,B|22|DG,A|3|DC || B|22|DG,C-G,WC,cW-W,M_minus_N,False,False,"[-0.109, -0.322, 0.068, -10.711, -1.26, -5.032]",-0.103,-0.324,0.068,-10.688,-1.438,-5.011,DG,True,M_minus_N,B.DG22,A.DC3,DG,DC,0.103,-0.324,0.068,10.688,-1.438,-5.011,True,True,
1D98,1D98,False,4,A.DA4,B.DT21,A,4,DA,B,21,DT,A|4|DA,B|21|DT,A|4|DA || B|21|DT,A-T,WC,cW-W,M_minus_N,False,False,"[0.877, -0.273, 0.009, 8.345, -13.205, -2.112]",0.849,-0.351,0.009,7.102,-13.914,-2.124,DA,False,none,A.DA4,B.DT21,DA,DT,0.849,-0.351,0.009,7.102,-13.914,-2.124,True,True,
1D98,1D98,False,5,A.DA5,B.DT20,A,5,DA,B,20,DT,A|5|DA,B|20|DT,A|5|DA || B|20|DT,A-T,WC,cW-W,M_minus_N,False,False,"[0.237, -0.129, 0.214, 8.129, -22.207, -0.267]",0.235,-0.134,0.214,7.571,-22.403,-0.272,DA,False,none,A.DA5,B.DT20,DA,DT,0.235,-0.134,0.214,7.571,-22.403,-0.272,True,True,
1D98,1D98,False,6,A.DA6,B.DT19,A,6,DA,B,19,DT,A|6|DA,B|19|DT,A|6|DA || B|19|DT,A-T,WC,cW-W,M_minus_N,False,False,"[1.233, -0.134, 0.126, 7.768, -24.894, 0.06]",1.207,-0.287,0.126,4.493,-25.687,0.061,DA,False,none,A.DA6,B.DT19,DA,DT,1.207,-0.287,0.126,4.493,-25.687,0.061,True,True,
1D98,1D98,False,7,A.DA7,B.DT18,A,7,DA,B,18,DT,A|7|DA,B|18|DT,A|7|DA || B|18|DT,A-T,WC,cW-W,M_minus_N,False,False,"[-0.252, -0.333, -0.526, -5.691, -21.947, -3.188]",-0.246,-0.337,-0.526,-5.234,-22.06,-3.245,DA,False,none,A.DA7,B.DT18,DA,DT,-0.246,-0.337,-0.526,-5.234,-22.06,-3.245,True,True,
1D98,1D98,False,8,A.DA8,B.DT17,A,8,DA,B,17,DT,A|8|DA,B|17|DT,A|8|DA || B|17|DT,A-T,WC,cW-W,M_minus_N,False,False,"[0.206, -0.291, 0.284, -3.582, -18.044, -1.063]",0.199,-0.297,0.284,-4.032,-17.949,-1.076,DA,False,none,A.DA8,B.DT17,DA,DT,0.199,-0.297,0.284,-4.032,-17.949,-1.076,True,True,
1D98,1D98,False,9,A.DA9,B.DT16,A,9,DA,B,16,DT,A|9|DA,B|16|DT,A|9|DA || B|16|DT,A-T,WC,cW-W,M_minus_N,False,False,"[1.119, -0.202, -0.442, -2.474, -18.68, -5.914]",1.087,-0.334,-0.442,-4.66,-18.258,-5.985,DA,False,none,A.DA9,B.DT16,DA,DT,1.087,-0.334,-0.442,-4.66,-18.258,-5.985,True,True,
1D98,1D98,False,10,A.DG10,B.DC15,A,10,DG,B,15,DC,A|10|DG,B|15|DC,A|10|DG || B|15|DC,G-C,WC,cW-W,M_minus_N,False,False,"[0.59, -0.181, 0.294, 1.895, -10.432, -7.835]",0.577,-0.218,0.294,1.235,-10.53,-7.868,DG,False,none,A.DG10,B.DC15,DG,DC,0.577,-0.218,0.294,1.235,-10.53,-7.868,True,True,
1D98,1D98,False,11,A.DC11,B.DG14,A,11,DC,B,14,DG,A|11|DC,B|14|DG,A|11|DC || B|14|DG,C-G,WC,cW-W,M_minus_N,False,False,"[0.244, -0.167, 0.395, -0.122, -15.094, -6.916]",0.241,-0.171,0.395,-0.404,-15.089,-6.976,DG,True,M_minus_N,B.DG14,A.DC11,DG,DC,-0.241,-0.171,0.395,0.404,-15.089,-6.976,True,True,
1D98,1D98,False,12,A.DG12,B.DC13,A,12,DG,B,13,DC,A|12|DG,B|13|DC,A|12|DG || B|13|DC,G-C,WC,cW-W,M_minus_N,True,False,"[-0.851, -0.476, -0.024, -4.873, -4.662, -10.762]",-0.81,-0.544,-0.024,-4.478,-5.043,-10.764,DG,False,none,A.DG12,B.DC13,DG,DC,-0.81,-0.544,-0.024,-4.478,-5.043,-10.764,True,True,
1DN9,1DN9,False,1,A.DC1,B.DG24,A,1,DC,B,24,DG,A|1|DC,B|24|DG,A|1|DC || B|24|DG,C-G,WC,cW-W,M_minus_N,True,False,"[1.049, -0.212, -0.237, 18.779, -9.042, -1.364]",1.025,-0.31,-0.237,17.875,-10.719,-1.353,DG,True,M_minus_N,B.DG24,A.DC1,DG,DC,-1.025,-0.31,-0.237,-17.875,-10.719,-1.353,True,True,
1DN9,1DN9,False,2,A.DG2,B.DC23,A,2,DG,B,23,DC,A|2|DG,B|23|DC,A|2|DG || B|23|DC,G-C,WC,cW-W,M_minus_N,False,False,"[-0.563, -0.098, 0.27, -2.685, -6.197, 3.069]",-0.557,-0.127,0.27,-2.362,-6.328,3.073,DG,False,none,A.DG2,B.DC23,DG,DC,-0.557,-0.127,0.27,-2.362,-6.328,3.073,True,True,
1DN9,1DN9,False,3,A.DC3,B.DG22,A,3,DC,B,22,DG,A|3|DC,B|22|DG,A|3|DC || B|22|DG,C-G,WC,cW-W,M_minus_N,False,False,"[-0.181, -0.38, 0.233, -5.251, -7.617, 1.695]",-0.174,-0.383,0.233,-5.098,-7.72,1.697,DG,True,M_minus_N,B.DG22,A.DC3,DG,DC,0.174,-0.383,0.233,5.098,-7.72,1.697,True,True,
1DN9,1DN9,False,4,A.DA4,B.DT21,A,4,DA,B,21,DT,A|4|DA,B|21|DT,A|4|DA || B|21|DT,A-T,WC,cW-W,M_minus_N,False,False,"[-0.572, -0.456, 0.024, 2.892, -8.14, 3.985]",-0.547,-0.486,0.024,3.316,-7.976,3.993,DA,False,none,A.DA4,B.DT21,DA,DT,-0.547,-0.486,0.024,3.316,-7.976,3.993,True,True,
1DN9,1DN9,False,5,A.DT5,B.DA20,A,5,DT,B,20,DA,A|5|DT,B|20|DA,A|5|DT || B|20|DA,T-A,WC,cW-W,M_minus_N,False,False,"[-0.318, -0.323, 0.663, 6.018, -8.732, 4.614]",-0.305,-0.335,0.663,6.345,-8.497,4.62,DA,True,M_minus_N,B.DA20,A.DT5,DA,DT,0.305,-0.335,0.663,-6.345,-8.497,4.62,True,True,
1DN9,1DN9,False,6,A.DA6,B.DT19,A,6,DA,B,19,DT,A|6|DA,B|19|DT,A|6|DA || B|19|DT,A-T,WC,cW-W,M_minus_N,False,False,"[-1.222, 0.146, 0.187, -15.952, -16.706, -1.396]",-1.231,0.012,0.187,-14.03,-18.35,-1.404,DA,False,none,A.DA6,B.DT19,DA,DT,-1.231,0.012,0.187,-14.03,-18.35,-1.404,True,True,
1DN9,1DN9,False,7,A.DT7,B.DA18,A,7,DT,B,18,DA,A|7|DT,B|18|DA,A|7|DT || B|18|DA,T-A,WC,cW-W,M_minus_N,False,False,"[-0.464, 0.053, 0.366, -3.879, -12.239, 14.98]",-0.466,0.029,0.366,-3.245,-12.422,15.061,DA,True,M_minus_N,B.DA18,A.DT7,DA,DT,0.466,0.029,0.366,3.245,-12.422,15.061,True,True,
1DN9,1DN9,False,8,A.DA8,B.DT17,A,8,DA,B,17,DT,A|8|DA,B|17|DT,A|8|DA || B|17|DT,A-T,WC,cW-W,M_minus_N,False,False,"[-0.123, -0.421, -0.105, -8.508, -19.589, -1.692]",-0.122,-0.421,-0.105,-8.405,-19.634,-1.713,DA,False,none,A.DA8,B.DT17,DA,DT,-0.122,-0.421,-0.105,-8.405,-19.634,-1.713,True,True,
1DN9,1DN9,False,9,A.DT9,B.DA16,A,9,DT,B,16,DA,A|9|DT,B|16|DA,A|9|DT || B|16|DA,T-A,WC,cW-W,M_minus_N,False,False,"[0.418, -0.254, 0.114, -1.669, -21.066, 4.222]",0.408,-0.27,0.114,-2.459,-20.988,4.292,DA,True,M_minus_N,B.DA16,A.DT9,DA,DT,-0.408,-0.27,0.114,2.459,-20.988,4.292,True,True,
1DN9,1DN9,False,10,A.DG10,B.DC15,A,10,DG,B,15,DC,A|10|DG,B|15|DC,A|10|DG || B|15|DC,G-C,WC,cW-W,M_minus_N,False,False,"[-1.035, -0.449, 0.168, 0.658, -9.003, -0.209]",-0.985,-0.551,0.168,1.558,-8.892,-0.209,DG,False,none,A.DG10,B.DC15,DG,DC,-0.985,-0.551,0.168,1.558,-8.892,-0.209,True,True,
1DN9,1DN9,False,11,A.DC11,B.DG14,A,11,DC,B,14,DG,A|11|DC,B|14|DG,A|11|DC || B|14|DG,C-G,WC,cW-W,M_minus_N,False,False,"[0.641, -0.436, 0.696, 1.433, -23.248, -6.017]",0.614,-0.473,0.696,0.044,-23.293,-6.143,DG,True,M_minus_N,B.DG14,A.DC11,DG,DC,-0.614,-0.473,0.696,-0.044,-23.293,-6.143,True,True,
1DN9,1DN9,False,12,A.DG12,B.DC13,A,12,DG,B,13,DC,A|12|DG,B|13|DC,A|12|DG || B|13|DC,G-C,WC,cW-W,M_minus_N,True,False,"[0.352, -0.185, -0.664, 6.073, 23.01, -4.911]",0.343,-0.201,-0.664,7.043,22.732,-5.0,DG,False,none,A.DG12,B.DC13,DG,DC,0.343,-0.201,-0.664,7.043,22.732,-5.0,True,True,
1JGR,1JGR,False,1,A.DC1001,B.DG2012,A,1001,DC,B,2012,DG,A|1001|DC,B|2012|DG,A|1001|DC || B|2012|DG,C-G,WC,cW-W,M_minus_N,True,False,"[0.251, -0.058, -0.013, 7.783, -14.958, -0.718]",0.25,-0.062,-0.013,7.54,-15.082,-0.723,DG,True,M_minus_N,B.DG2012,A.DC1001,DG,DC,-0.25,-0.062,-0.013,-7.54,-15.082,-0.723,True,True,
1JGR,1JGR,False,2,A.DG1002,B.DC2011,A,1002,DG,B,2011,DC,A|1002|DG,B|2011|DC,A|1002|DG || B|2011|DC,G-C,WC,cW-W,M_minus_N,False,False,"[-0.283, -0.098, 0.405, 6.737, -13.832, -2.087]",-0.281,-0.106,0.405,7.082,-13.658,-2.098,DG,False,none,A.DG1002,B.DC2011,DG,DC,-0.281,-0.106,0.405,7.082,-13.658,-2.098,True,True,
1JGR,1JGR,False,3,A.DC1003,B.DG2010,A,1003,DC,B,2010,DG,A|1003|DC,B|2010|DG,A|1003|DC || B|2010|DG,C-G,WC,cW-W,M_minus_N,False,False,"[0.071, -0.084, 0.012, -2.112, -5.642, -2.399]",0.071,-0.084,0.012,-2.123,-5.638,-2.402,DG,True,M_minus_N,B.DG2010,A.DC1003,DG,DC,-0.071,-0.084,0.012,2.123,-5.638,-2.402,True,True,
1JGR,1JGR,False,4,A.DG1004,B.DC2009,A,1004,DG,B,2009,DC,A|1004|DG,B|2009|DC,A|1004|DG || B|2009|DC,G-C,WC,cW-W,M_minus_N,False,False,"[-0.213, -0.077, -0.041, 10.417, -8.589, 0.217]",-0.212,-0.081,-0.041,10.579,-8.388,0.216,DG,False,none,A.DG1004,B.DC2009,DG,DC,-0.212,-0.081,-0.041,10.579,-8.388,0.216,True,True,
1JGR,1JGR,False,5,A.DA1005,B.DT2008,A,1005,DA,B,2008,DT,A|1005|DA,B|2008|DT,A|1005|DA || B|2008|DT,A-T,WC,cW-W,M_minus_N,False,False,"[-0.077, 0.007, -0.025, 4.582, -14.242, 3.673]",-0.077,0.007,-0.025,4.617,-14.231,3.698,DA,False,none,A.DA1005,B.DT2008,DA,DT,-0.077,0.007,-0.025,4.617,-14.231,3.698,True,True,
1JGR,1JGR,False,6,A.DA1006,B.DT2007,A,1006,DA,B,2007,DT,A|1006|DA,B|2007|DT,A|1006|DA || B|2007|DT,A-T,WC,cW-W,M_minus_N,False,False,"[-0.046, -0.003, 0.042, 0.897, -15.874, 6.268]",-0.046,-0.003,0.042,0.867,-15.875,6.328,DA,False,none,A.DA1006,B.DT2007,DA,DT,-0.046,-0.003,0.042,0.867,-15.875,6.328,True,True,
1JGR,1JGR,False,7,A.DT1007,B.DA2006,A,1007,DT,B,2006,DA,A|1007|DT,B|2006|DA,A|1007|DT || B|2006|DA,T-A,WC,cW-W,M_minus_N,False,False,"[-0.046, -0.016, 0.095, 0.088, -15.496, 4.673]",-0.046,-0.016,0.095,0.242,-15.495,4.716,DA,True,M_minus_N,B.DA2006,A.DT1007,DA,DT,0.046,-0.016,0.095,-0.242,-15.495,4.716,True,True,
1JGR,1JGR,False,8,A.DT1008,B.DA2005,A,1008,DT,B,2005,DA,A|1008|DT,B|2005|DA,A|1008|DT || B|2005|DA,T-A,WC,cW-W,M_minus_N,False,False,"[-0.063, -0.044, -0.16, -1.016, -11.666, 4.829]",-0.063,-0.044,-0.16,-0.896,-11.676,4.854,DA,True,M_minus_N,B.DA2005,A.DT1008,DA,DT,0.063,-0.044,-0.16,0.896,-11.676,4.854,True,True,
1JGR,1JGR,False,9,A.DC1009,B.DG2004,A,1009,DC,B,2004,DG,A|1009|DC,B|2004|DG,A|1009|DC || B|2004|DG,C-G,WC,cW-W,M_minus_N,False,False,"[0.219, -0.079, -0.046, -9.937, -9.08, -1.844]",0.217,-0.084,-0.046,-10.12,-8.875,-1.842,DG,True,M_minus_N,B.DG2004,A.DC1009,DG,DC,-0.217,-0.084,-0.046,10.12,-8.875,-1.842,True,True,
1JGR,1JGR,False,10,A.DG1010,B.DC2003,A,1010,DG,B,2003,DC,A|1010|DG,B|2003|DC,A|1010|DG || B|2003|DC,G-C,WC,cW-W,M_minus_N,False,False,"[-0.145, -0.029, 0.102, 2.709, -9.56, 1.843]",-0.144,-0.03,0.102,2.799,-9.534,1.849,DG,False,none,A.DG1010,B.DC2003,DG,DC,-0.144,-0.03,0.102,2.799,-9.534,1.849,True,True,
1JGR,1JGR,False,11,A.DC1011,B.DG2002,A,1011,DC,B,2002,DG,A|1011|DC,B|2002|DG,A|1011|DC || B|2002|DG,C-G,WC,cW-W,M_minus_N,False,False,"[0.201, -0.09, -0.039, 3.153, -16.868, -0.854]",0.2,-0.092,-0.039,2.91,-16.912,-0.863,DG,True,M_minus_N,B.DG2002,A.DC1011,DG,DC,-0.2,-0.092,-0.039,-2.91,-16.912,-0.863,True,True,
1JGR,1JGR,False,12,A.DG1012,B.DC2001,A,1012,DG,B,2001,DC,A|1012|DG,B|2001|DC,A|1012|DG || B|2001|DC,G-C,WC,cW-W,M_minus_N,True,False,"[-0.218, 0.009, 0.144, 2.064, -6.949, -0.61]",-0.218,0.005,0.144,2.187,-6.911,-0.611,DG,False,none,A.DG1012,B.DC2001,DG,DC,-0.218,0.005,0.144,2.187,-6.911,-0.611,True,True,
2BNA,2BNA,False,1,A.DC1,B.DG24,A,1,DC,B,24,DG,A|1|DC,B|24|DG,A|1|DC || B|24|DG,C-G,WC,cW-W,M_minus_N,True,False,"[-0.319, -0.305, 0.297, 4.503, -23.482, -4.921]",-0.306,-0.317,0.297,5.377,-23.297,-5.019,DG,True,M_minus_N,B.DG24,A.DC1,DG,DC,0.306,-0.317,0.297,-5.377,-23.297,-5.019,True,True,
2BNA,2BNA,False,2,A.DG2,B.DC23,A,2,DG,B,23,DC,A|2|DG,B|23|DC,A|2|DG || B|23|DC,G-C,WC,cW-W,M_minus_N,False,False,"[0.043, -0.283, 0.577, 4.167, -8.439, -7.857]",0.041,-0.283,0.577,4.098,-8.473,-7.874,DG,False,none,A.DG2,B.DC23,DG,DC,0.041,-0.283,0.577,4.098,-8.473,-7.874,True,True,
2BNA,2BNA,False,3,A.DC3,B.DG22,A,3,DC,B,22,DG,A|3|DC,B|22|DG,A|3|DC || B|22|DG,C-G,WC,cW-W,M_minus_N,False,False,"[0.096, -0.325, 0.347, -4.661, -6.196, -1.824]",0.093,-0.326,0.347,-4.704,-6.164,-1.825,DG,True,M_minus_N,B.DG22,A.DC3,DG,DC,-0.093,-0.326,0.347,4.704,-6.164,-1.825,True,True,
2BNA,2BNA,False,4,A.DG4,B.DC21,A,4,DG,B,21,DC,A|4|DG,B|21|DC,A|4|DG || B|21|DC,G-C,WC,cW-W,M_minus_N,False,False,"[-0.68, -0.33, -0.09, 6.371, -10.119, 0.523]",-0.657,-0.374,-0.09,7.024,-9.677,0.524,DG,False,none,A.DG4,B.DC21,DG,DC,-0.657,-0.374,-0.09,7.024,-9.677,0.524,True,True,
2BNA,2BNA,False,5,A.DA5,B.DT20,A,5,DA,B,20,DT,A|5|DA,B|20|DT,A|5|DA || B|20|DT,A-T,WC,cW-W,M_minus_N,False,False,"[0.18, -0.228, -0.04, 6.043, -15.524, 4.278]",0.176,-0.232,-0.04,5.699,-15.654,4.313,DA,False,none,A.DA5,B.DT20,DA,DT,0.176,-0.232,-0.04,5.699,-15.654,4.313,True,True,
2BNA,2BNA,False,6,A.DA6,B.DT19,A,6,DA,B,19,DT,A|6|DA,B|19|DT,A|6|DA || B|19|DT,A-T,WC,cW-W,M_minus_N,False,False,"[-0.029, -0.088, -0.15, -0.619, -24.002, 9.521]",-0.029,-0.088,-0.15,-0.712,-23.999,9.733,DA,False,none,A.DA6,B.DT19,DA,DT,-0.029,-0.088,-0.15,-0.712,-23.999,9.733,True,True,
2BNA,2BNA,False,7,A.DT7,B.DA18,A,7,DT,B,18,DA,A|7|DT,B|18|DA,A|7|DT || B|18|DA,T-A,WC,cW-W,M_minus_N,False,False,"[0.384, -0.21, 0.126, -1.241, -24.19, 8.078]",0.377,-0.222,0.126,-2.023,-24.137,8.258,DA,True,M_minus_N,B.DA18,A.DT7,DA,DT,-0.377,-0.222,0.126,2.023,-24.137,8.258,True,True,
2BNA,2BNA,False,8,A.DT8,B.DA17,A,8,DT,B,17,DA,A|8|DT,B|17|DA,A|8|DT || B|17|DA,T-A,WC,cW-W,M_minus_N,False,False,"[-0.0, -0.209, 0.192, -3.813, -22.842, 3.612]",0.0,-0.209,0.192,-3.708,-22.859,3.683,DA,True,M_minus_N,B.DA17,A.DT8,DA,DT,-0.0,-0.209,0.192,3.708,-22.859,3.683,True,True,
2BNA,2BNA,False,9,A.DC9,B.DG16,A,9,DC,B,16,DG,A|9|DC,B|16|DG,A|9|DC || B|16|DG,C-G,WC,cW-W,M_minus_N,False,False,"[0.007, -0.265, 0.433, -21.562, -10.46, -4.865]",0.006,-0.265,0.433,-21.641,-10.295,-4.799,DG,True,M_minus_N,B.DG16,A.DC9,DG,DC,-0.006,-0.265,0.433,21.641,-10.295,-4.799,True,True,
2BNA,2BNA,False,10,A.DG10,B.DC15,A,10,DG,B,15,DC,A|10|DG,B|15|DC,A|10|DG || B|15|DC,G-C,WC,cW-W,M_minus_N,False,False,"[-0.312, -0.315, 0.306, 9.359, -3.961, -2.798]",-0.303,-0.324,0.306,9.472,-3.684,-2.79,DG,False,none,A.DG10,B.DC15,DG,DC,-0.303,-0.324,0.306,9.472,-3.684,-2.79,True,True,
2BNA,2BNA,False,11,A.DC11,B.DG14,A,11,DC,B,14,DG,A|11|DC,B|14|DG,A|11|DC || B|14|DG,C-G,WC,cW-W,M_minus_N,False,False,"[0.252, -0.448, 0.681, 0.024, -20.278, -7.804]",0.243,-0.453,0.681,-0.379,-20.275,-7.928,DG,True,M_minus_N,B.DG14,A.DC11,DG,DC,-0.243,-0.453,0.681,0.379,-20.275,-7.928,True,True,
2BNA,2BNA,False,12,A.DG12,B.DC13,A,12,DG,B,13,DC,A|12|DG,B|13|DC,A|12|DG || B|13|DC,G-C,WC,cW-W,M_minus_N,True,False,"[-0.579, -0.204, 0.078, 6.883, 15.225, -9.21]",-0.568,-0.232,0.078,6.1,15.555,-9.282,DG,False,none,A.DG12,B.DC13,DG,DC,-0.568,-0.232,0.078,6.1,15.555,-9.282,True,True,
3BSE,3BSE,False,1,A.DA3,B.DT36,A,3,DA,B,36,DT,A|3|DA,B|36|DT,A|3|DA || B|36|DT,A-T,WC,cW-W,M_minus_N,True,False,"[0.036, -0.034, -0.01, 4.256, -7.112, 3.472]",0.036,-0.034,-0.01,4.2,-7.145,3.477,DA,False,none,A.DA3,B.DT36,DA,DT,0.036,-0.034,-0.01,4.2,-7.145,3.477,True,True,
3BSE,3BSE,False,2,A.DC4,B.DG35,A,4,DC,B,35,DG,A|4|DC,B|35|DG,A|4|DC || B|35|DG,C-G,WC,cW-W,M_minus_N,False,False,"[0.186, 0.012, 0.068, -1.794, -14.107, -0.08]",0.186,0.009,0.068,-1.999,-14.079,-0.081,DG,True,M_minus_N,B.DG35,A.DC4,DG,DC,-0.186,0.009,0.068,1.999,-14.079,-0.081,True,True,
3BSE,3BSE,False,3,A.DT5,B.DA34,A,5,DT,B,34,DA,A|5|DT,B|34|DA,A|5|DT || B|34|DA,T-A,WC,cW-W,M_minus_N,False,False,"[0.066, -0.015, -0.115, 2.097, -19.812, 2.257]",0.066,-0.015,-0.115,2.071,-19.815,2.291,DA,True,M_minus_N,B.DA34,A.DT5,DA,DT,-0.066,-0.015,-0.115,-2.071,-19.815,2.291,True,True,
3BSE,3BSE,False,4,A.DA6,B.DT33,A,6,DA,B,33,DT,A|6|DA,B|33|DT,A|6|DA || B|33|DT,A-T,WC,cW-W,M_minus_N,False,False,"[-0.195, -0.013, -0.269, -5.47, -7.051, -1.764]",-0.195,-0.016,-0.269,-5.371,-7.127,-1.766,DA,False,none,A.DA6,B.DT33,DA,DT,-0.195,-0.016,-0.269,-5.371,-7.127,-1.766,True,True,
3BSE,3BSE,False,5,A.DC7,B.DG32,A,7,DC,B,32,DG,A|7|DC,B|32|DG,A|7|DC || B|32|DG,C-G,WC,cW-W,M_minus_N,False,False,"[0.442, -0.028, -0.083, 6.951, -2.577, 2.184]",0.44,-0.045,-0.083,6.848,-2.839,2.181,DG,True,M_minus_N,B.DG32,A.DC7,DG,DC,-0.44,-0.045,-0.083,-6.848,-2.839,2.181,True,True,
3BSE,3BSE,False,6,A.DA8,B.DT31,A,8,DA,B,31,DT,A|8|DA,B|31|DT,A|8|DA || B|31|DT,A-T,WC,cW-W,M_minus_N,False,False,"[-0.099, -0.151, 0.08, 12.619, -15.845, 2.663]",-0.097,-0.152,0.08,12.801,-15.699,2.672,DA,False,none,A.DA8,B.DT31,DA,DT,-0.097,-0.152,0.08,12.801,-15.699,2.672,True,True,
3BSE,3BSE,False,7,A.DA9,B.DT30,A,9,DA,B,30,DT,A|9|DA,B|30|DT,A|9|DA || B|30|DT,A-T,WC,cW-W,M_minus_N,False,False,"[-0.041, -0.088, 0.106, 9.182, -15.608, 1.395]",-0.04,-0.088,0.106,9.226,-15.582,1.403,DA,False,none,A.DA9,B.DT30,DA,DT,-0.04,-0.088,0.106,9.226,-15.582,1.403,True,True,
3BSE,3BSE,False,8,A.DT10,B.DA29,A,10,DT,B,29,DA,A|10|DT,B|29|DA,A|10|DT || B|29|DA,T-A,WC,cW-W,M_minus_N,False,False,"[0.068, -0.007, -0.072, 7.384, -15.806, 4.141]",0.068,-0.007,-0.072,7.405,-15.796,4.172,DA,True,M_minus_N,B.DA29,A.DT10,DA,DT,-0.068,-0.007,-0.072,-7.405,-15.796,4.172,True,True,
3BSE,3BSE,False,9,A.DG11,B.DC28,A,11,DG,B,28,DC,A|11|DG,B|28|DC,A|11|DG || B|28|DC,G-C,WC,cW-W,M_minus_N,False,False,"[-0.35, -0.068, -0.073, -12.962, -13.442, 3.613]",-0.349,-0.076,-0.073,-12.641,-13.745,3.618,DG,False,none,A.DG11,B.DC28,DG,DC,-0.349,-0.076,-0.073,-12.641,-13.745,3.618,True,True,
3BSE,3BSE,False,10,A.DT12,B.DA27,A,12,DT,B,27,DA,A|12|DT,B|27|DA,A|12|DT || B|27|DA,T-A,WC,cW-W,M_minus_N,False,False,"[-0.079, -0.002, 0.21, -14.476, -16.156, 2.033]",-0.079,-0.002,0.21,-14.405,-16.22,2.038,DA,True,M_minus_N,B.DA27,A.DT12,DA,DT,0.079,-0.002,0.21,14.405,-16.22,2.038,True,True,
3BSE,3BSE,False,11,A.DT13,B.DA26,A,13,DT,B,26,DA,A|13|DT,B|26|DA,A|13|DT || B|26|DA,T-A,WC,cW-W,M_minus_N,False,False,"[-0.044, -0.104, 0.265, -15.111, -12.47, 4.098]",-0.044,-0.104,0.265,-15.09,-12.495,4.087,DA,True,M_minus_N,B.DA26,A.DT13,DA,DT,0.044,-0.104,0.265,15.09,-12.495,4.087,True,True,
3BSE,3BSE,False,12,A.DG14,B.DC25,A,14,DG,B,25,DC,A|14|DG,B|25|DC,A|14|DG || B|25|DC,G-C,WC,cW-W,M_minus_N,False,False,"[-0.377, -0.044, -0.019, -8.985, -3.746, 1.377]",-0.375,-0.056,-0.019,-8.864,-4.024,1.374,DG,False,none,A.DG14,B.DC25,DG,DC,-0.375,-0.056,-0.019,-8.864,-4.024,1.374,True,True,
3BSE,3BSE,False,13,A.DC15,B.DG24,A,15,DC,B,24,DG,A|15|DC,B|24|DG,A|15|DC || B|24|DG,C-G,WC,cW-W,M_minus_N,False,False,"[0.219, -0.006, 0.001, 5.521, -3.663, 0.441]",0.219,-0.01,0.001,5.461,-3.751,0.441,DG,True,M_minus_N,B.DG24,A.DC15,DG,DC,-0.219,-0.01,0.001,-5.461,-3.751,0.441,True,True,
3BSE,3BSE,False,14,A.DA16,B.DT23,A,16,DA,B,23,DT,A|16|DA,B|23|DT,A|16|DA || B|23|DT,A-T,WC,cW-W,M_minus_N,False,False,"[0.052, -0.068, 0.099, 2.992, -15.962, 1.234]",0.052,-0.069,0.099,2.846,-15.989,1.246,DA,False,none,A.DA16,B.DT23,DA,DT,0.052,-0.069,0.099,2.846,-15.989,1.246,True,True,
3BSE,3BSE,False,15,A.DA17,B.DT22,A,17,DA,B,22,DT,A|17|DA,B|22|DT,A|17|DA || B|22|DT,A-T,WC,cW-W,M_minus_N,False,False,"[-0.022, -0.008, 0.004, -1.121, -12.627, -1.28]",-0.022,-0.008,0.004,-1.163,-12.623,-1.287,DA,False,none,A.DA17,B.DT22,DA,DT,-0.022,-0.008,0.004,-1.163,-12.623,-1.287,True,True,
3BSE,3BSE,False,16,A.DT18,B.DA21,A,18,DT,B,21,DA,A|18|DT,B|21|DA,A|18|DT || B|21|DA,T-A,WC,cW-W,M_minus_N,True,False,"[-0.031, -0.081, 0.058, -2.018, -7.809, 2.653]",-0.031,-0.082,0.058,-1.961,-7.824,2.659,DA,True,M_minus_N,B.DA21,A.DT18,DA,DT,0.031,-0.082,0.058,1.961,-7.824,2.659,True,True,
3IXN,3IXN,False,1,A.DC1,B.DG10,A,1,DC,B,10,DG,A|1|DC,B|10|DG,A|1|DC || B|10|DG,C-G,WC,cW-W,M_minus_N,True,False,"[-0.556, 0.001, 0.73, -0.533, -8.193, -16.291]",-0.555,-0.034,0.73,-0.016,-8.21,-16.333,DG,True,M_minus_N,B.DG10,A.DC1,DG,DC,0.555,-0.034,0.73,0.016,-8.21,-16.333,True,True,
3IXN,3IXN,False,2,A.DC2,B.DG9,A,2,DC,B,9,DG,A|2|DC,B|9|DG,A|2|DC || B|9|DG,C-G,WC,cW-W,M_minus_N,False,False,"[-1.046, 0.425, 0.941, -3.558, -7.23, -14.135]",-1.085,0.313,0.941,-2.77,-7.567,-14.162,DG,True,M_minus_N,B.DG9,A.DC2,DG,DC,1.085,0.313,0.941,2.77,-7.567,-14.162,True,True,
3IXN,3IXN,False,3,A.DG3,B.DC8,A,3,DG,B,8,DC,A|3|DG,B|8|DC,A|3|DG || B|8|DC,G-C,WC,cW-W,M_minus_N,False,False,"[0.569, -0.021, 0.343, 9.616, -5.576, -16.104]",0.566,-0.054,0.343,9.285,-6.111,-16.075,DG,False,none,A.DG3,B.DC8,DG,DC,0.566,-0.054,0.343,9.285,-6.111,-16.075,True,True,
3IXN,3IXN,False,4,A.DG4,B.DC7,A,4,DG,B,7,DC,A|4|DG,B|7|DC,A|4|DG || B|7|DC,G-C,WC,cW-W,M_minus_N,False,False,"[0.664, 0.778, 0.701, 18.408, 16.097, -15.54]",0.727,0.72,0.701,19.695,14.494,-15.439,DG,False,none,A.DG4,B.DC7,DG,DC,0.727,0.72,0.701,19.695,14.494,-15.439,True,True,
3IXN,3IXN,False,5,A.DT5,B.DA6,A,5,DT,B,6,DA,A|5|DT,B|6|DA,A|5|DT || B|6|DA,T-A,WC,cW-W,M_minus_N,False,False,"[0.403, 0.659, 0.35, 12.504, -9.978, -8.085]",0.423,0.647,0.35,12.198,-10.349,-8.073,DA,True,M_minus_N,B.DA6,A.DT5,DA,DT,-0.423,0.647,0.35,-12.198,-10.349,-8.073,True,True,
3IXN,3IXN,False,6,A.DA6,B.DT5,A,6,DA,B,5,DT,A|6|DA,B|5|DT,A|6|DA || B|5|DT,A-T,WC,cW-W,M_minus_N,False,False,"[0.829, -0.411, 1.032, 22.638, -18.131, -14.97]",0.798,-0.468,1.032,21.343,-19.639,-14.938,DA,False,none,A.DA6,B.DT5,DA,DT,0.798,-0.468,1.032,21.343,-19.639,-14.938,True,True,
3IXN,3IXN,False,7,A.DC7,B.DG4,A,7,DC,B,4,DG,A|7|DC,B|4|DG,A|7|DC || B|4|DG,C-G,WC,cW-W,M_minus_N,False,False,"[0.023, -0.591, -0.06, 4.351, 1.625, -1.917]",0.025,-0.59,-0.06,4.345,1.642,-1.916,DG,True,M_minus_N,B.DG4,A.DC7,DG,DC,-0.025,-0.59,-0.06,-4.345,1.642,-1.916,True,True,
3IXN,3IXN,False,8,A.DC8,B.DG3,A,8,DC,B,3,DG,A|8|DC,B|3|DG,A|8|DC || B|3|DG,C-G,WC,cW-W,M_minus_N,False,False,"[-0.412, -0.355, 1.019, -8.95, 1.803, -18.138]",-0.395,-0.374,1.019,-9.023,1.391,-18.084,DG,True,M_minus_N,B.DG3,A.DC8,DG,DC,0.395,-0.374,1.019,9.023,1.391,-18.084,True,True,
3IXN,3IXN,False,9,A.DG9,B.DC2,A,9,DG,B,2,DC,A|9|DG,B|2|DC,A|9|DG || B|2|DC,G-C,WC,cW-W,M_minus_N,False,False,"[0.495, 0.046, 1.157, 11.52, -0.264, -16.844]",0.497,0.018,1.157,11.488,-0.907,-16.761,DG,False,none,A.DG9,B.DC2,DG,DC,0.497,0.018,1.157,11.488,-0.907,-16.761,True,True,
3IXN,3IXN,False,10,A.DG10,B.DC1,A,10,DG,B,1,DC,A|10|DG,B|1|DC,A|10|DG || B|1|DC,G-C,WC,cW-W,M_minus_N,True,False,"[0.687, -0.001, 0.622, 8.514, -0.219, -8.625]",0.685,-0.05,0.622,8.476,-0.826,-8.602,DG,False,none,A.DG10,B.DC1,DG,DC,0.685,-0.05,0.622,8.476,-0.826,-8.602,True,True,
463D,463D,False,1,A.DG2,B.DC23,A,2,DG,B,23,DC,A|2|DG,B|23|DC,A|2|DG || B|23|DC,G-C,WC,cW-W,M_minus_N,True,False,"[-0.386, -0.047, -0.084, -16.228, -0.996, -1.225]",-0.384,-0.059,-0.084,-16.188,-1.515,-1.213,DG,False,none,A.DG2,B.DC23,DG,DC,-0.384,-0.059,-0.084,-16.188,-1.515,-1.213,True,True,
463D,463D,False,2,A.DC3,B.DG22,A,3,DC,B,22,DG,A|3|DC,B|22|DG,A|3|DC || B|22|DG,C-G,WC,cW-W,M_minus_N,False,False,"[0.203, -0.151, 0.124, -7.889, 3.64, 0.357]",0.201,-0.154,0.124,-7.839,3.746,0.357,DG,True,M_minus_N,B.DG22,A.DC3,DG,DC,-0.201,-0.154,0.124,7.839,3.746,0.357,True,True,
463D,463D,False,3,A.DG4,B.DC21,A,4,DG,B,21,DC,A|4|DG,B|21|DC,A|4|DG || B|21|DC,G-C,WC,cW-W,M_minus_N,False,False,"[-0.145, -0.099, 0.02, 14.173, -11.45, 0.917]",-0.143,-0.102,0.02,14.373,-11.198,0.914,DG,False,none,A.DG4,B.DC21,DG,DC,-0.143,-0.102,0.02,14.373,-11.198,0.914,True,True,
463D,463D,False,4,A.DA5,B.DT20,A,5,DA,B,20,DT,A|5|DA,B|20|DT,A|5|DA || B|20|DT,A-T,WC,cW-W,M_minus_N,False,False,"[0.197, -0.189, -0.19, 7.058, -11.397, 3.204]",0.193,-0.193,-0.19,6.805,-11.55,3.215,DA,False,none,A.DA5,B.DT20,DA,DT,0.193,-0.193,-0.19,6.805,-11.55,3.215,True,True,
463D,463D,False,5,A.DA6,B.DT19,A,6,DA,B,19,DT,A|6|DA,B|19|DT,A|6|DA || B|19|DT,A-T,WC,cW-W,M_minus_N,False,False,"[0.037, -0.08, -0.144, -0.436, -11.421, 5.196]",0.037,-0.081,-0.144,-0.545,-11.416,5.222,DA,False,none,A.DA6,B.DT19,DA,DT,0.037,-0.081,-0.144,-0.545,-11.416,5.222,True,True,
463D,463D,False,6,A.DT7,B.DA18,A,7,DT,B,18,DA,A|7|DT,B|18|DA,A|7|DT || B|18|DA,T-A,WC,cW-W,M_minus_N,False,False,"[0.154, -0.156, 0.134, 0.987, -16.365, 4.593]",0.152,-0.158,0.134,0.834,-16.373,4.64,DA,True,M_minus_N,B.DA18,A.DT7,DA,DT,-0.152,-0.158,0.134,-0.834,-16.373,4.64,True,True,
463D,463D,False,7,A.DT8,B.DA17,A,8,DT,B,17,DA,A|8|DT,B|17|DA,A|8|DT || B|17|DA,T-A,WC,cW-W,M_minus_N,False,False,"[-0.019, -0.153, -0.225, -2.705, -15.607, 7.661]",-0.018,-0.153,-0.225,-2.585,-15.628,7.731,DA,True,M_minus_N,B.DA17,A.DT8,DA,DT,0.018,-0.153,-0.225,2.585,-15.628,7.731,True,True,
463D,463D,False,8,A.DC9,B.DG16,A,9,DC,B,16,DG,A|9|DC,B|16|DG,A|9|DC || B|16|DG,C-G,WC,cW-W,M_minus_N,False,False,"[0.377, 0.043, 0.086, -12.252, -10.846, 4.206]",0.379,0.028,0.086,-12.676,-10.347,4.197,DG,True,M_minus_N,B.DG16,A.DC9,DG,DC,-0.379,0.028,0.086,12.676,-10.347,4.197,True,True,
463D,463D,False,9,A.DG10,B.DC15,A,10,DG,B,15,DC,A|10|DG,B|15|DC,A|10|DG || B|15|DC,G-C,WC,cW-W,M_minus_N,False,False,"[-0.334, 0.003, 0.047, 0.812, 2.35, -0.026]",-0.334,-0.006,0.047,0.747,2.372,-0.026,DG,False,none,A.DG10,B.DC15,DG,DC,-0.334,-0.006,0.047,0.747,2.372,-0.026,True,True,
463D,463D,False,10,A.DC11,B.DG14,A,11,DC,B,14,DG,A|11|DC,B|14|DG,A|11|DC || B|14|DG,C-G,WC,cW-W,M_minus_N,True,False,"[0.323, -0.049, 0.069, 15.087, 1.152, 2.469]",0.321,-0.058,0.069,15.113,0.73,2.447,DG,True,M_minus_N,B.DG14,A.DC11,DG,DC,-0.321,-0.058,0.069,-15.113,0.73,2.447,True,True,
476D,476D,False,1,A.DG2,B.DC23,A,2,DG,B,23,DC,A|2|DG,B|23|DC,A|2|DG || B|23|DC,G-C,WC,cW-W,M_minus_N,True,False,"[-0.177, -0.166, 0.072, -14.325, -5.355, -3.253]",-0.176,-0.168,0.072,-14.278,-5.479,-3.232,DG,False,none,A.DG2,B.DC23,DG,DC,-0.176,-0.168,0.072,-14.278,-5.479,-3.232,True,True,
476D,476D,False,2,A.DC3,B.DG22,A,3,DC,B,22,DG,A|3|DC,B|22|DG,A|3|DC || B|22|DG,C-G,WC,cW-W,M_minus_N,False,False,"[0.24, -0.073, 0.209, -6.251, 4.456, -0.442]",0.239,-0.078,0.209,-6.169,4.569,-0.442,DG,True,M_minus_N,B.DG22,A.DC3,DG,DC,-0.239,-0.078,0.209,6.169,4.569,-0.442,True,True,
476D,476D,False,3,A.DG4,B.DC21,A,4,DG,B,21,DC,A|4|DG,B|21|DC,A|4|DG || B|21|DC,G-C,WC,cW-W,M_minus_N,False,False,"[-0.267, -0.11, 0.08, 13.077, -12.838, 1.236]",-0.263,-0.118,0.08,13.444,-12.453,1.235,DG,False,none,A.DG4,B.DC21,DG,DC,-0.263,-0.118,0.08,13.444,-12.453,1.235,True,True,
476D,476D,False,4,A.DA5,B.DT20,A,5,DA,B,20,DT,A|5|DA,B|20|DT,A|5|DA || B|20|DT,A-T,WC,cW-W,M_minus_N,False,False,"[0.1, -0.127, -0.072, 8.881, -16.313, 3.577]",0.099,-0.128,-0.072,8.686,-16.418,3.603,DA,False,none,A.DA5,B.DT20,DA,DT,0.099,-0.128,-0.072,8.686,-16.418,3.603,True,True,
476D,476D,False,5,A.DA6,B.DT19,A,6,DA,B,19,DT,A|6|DA,B|19|DT,A|6|DA || B|19|DT,A-T,WC,cW-W,M_minus_N,False,False,"[-0.059, -0.096, 0.144, 2.838, -15.992, 5.927]",-0.059,-0.097,0.144,2.862,-15.987,5.984,DA,False,none,A.DA6,B.DT19,DA,DT,-0.059,-0.097,0.144,2.862,-15.987,5.984,True,True,
476D,476D,False,6,A.DT7,B.DA18,A,7,DT,B,18,DA,A|7|DT,B|18|DA,A|7|DT || B|18|DA,T-A,WC,cW-W,M_minus_N,False,False,"[-0.12, -0.165, 0.109, 0.222, -17.707, 3.881]",-0.117,-0.167,0.109,0.537,-17.701,3.927,DA,True,M_minus_N,B.DA18,A.DT7,DA,DT,0.117,-0.167,0.109,-0.537,-17.701,3.927,True,True,
476D,476D,False,7,A.DT8,B.DA17,A,8,DT,B,17,DA,A|8|DT,B|17|DA,A|8|DT || B|17|DA,T-A,WC,cW-W,M_minus_N,False,False,"[0.02, -0.14, -0.077, -3.056, -17.037, 4.144]",0.02,-0.14,-0.077,-3.011,-17.045,4.189,DA,True,M_minus_N,B.DA17,A.DT8,DA,DT,-0.02,-0.14,-0.077,3.011,-17.045,4.189,True,True,
476D,476D,False,8,A.DC9,B.DG16,A,9,DC,B,16,DG,A|9|DC,B|16|DG,A|9|DC || B|16|DG,C-G,WC,cW-W,M_minus_N,False,False,"[0.127, -0.103, 0.046, -11.217, -10.68, 0.606]",0.125,-0.105,0.046,-11.355,-10.532,0.606,DG,True,M_minus_N,B.DG16,A.DC9,DG,DC,-0.125,-0.105,0.046,11.355,-10.532,0.606,True,True,
476D,476D,False,9,A.DG10,B.DC15,A,10,DG,B,15,DC,A|10|DG,B|15|DC,A|10|DG || B|15|DC,G-C,WC,cW-W,M_minus_N,False,False,"[-0.227, -0.101, 0.138, 1.858, 4.769, 0.806]",-0.225,-0.105,0.138,1.774,4.801,0.806,DG,False,none,A.DG10,B.DC15,DG,DC,-0.225,-0.105,0.138,1.774,4.801,0.806,True,True,
476D,476D,False,10,A.DC11,B.DG14,A,11,DC,B,14,DG,A|11|DC,B|14|DG,A|11|DC || B|14|DG,C-G,WC,cW-W,M_minus_N,True,False,"[0.224, -0.147, 0.004, 8.763, 3.101, -0.208]",0.221,-0.151,0.004,8.821,2.932,-0.208,DG,True,M_minus_N,B.DG14,A.DC11,DG,DC,-0.221,-0.151,0.004,-8.821,2.932,-0.208,True,True,
477D,477D,False,1,A.DG2,B.DC23,A,2,DG,B,23,DC,A|2|DG,B|23|DC,A|2|DG || B|23|DC,G-C,WC,cW-W,M_minus_N,True,False,"[-0.338, -0.148, 0.066, -11.814, -0.26, -2.293]",-0.334,-0.158,0.066,-11.801,-0.609,-2.28,DG,False,none,A.DG2,B.DC23,DG,DC,-0.334,-0.158,0.066,-11.801,-0.609,-2.28,True,True,
477D,477D,False,2,A.DC3,B.DG22,A,3,DC,B,22,DG,A|3|DC,B|22|DG,A|3|DC || B|22|DG,C-G,WC,cW-W,M_minus_N,False,False,"[0.155, -0.16, 0.135, -4.937, 1.611, -1.419]",0.153,-0.162,0.135,-4.921,1.66,-1.418,DG,True,M_minus_N,B.DG22,A.DC3,DG,DC,-0.153,-0.162,0.135,4.921,1.66,-1.418,True,True,
477D,477D,False,3,A.DG4,B.DC21,A,4,DG,B,21,DC,A|4|DG,B|21|DC,A|4|DG || B|21|DC,G-C,WC,cW-W,M_minus_N,False,False,"[-0.347, -0.121, -0.238, 5.225, -16.822, 1.562]",-0.343,-0.133,-0.238,5.77,-16.643,1.576,DG,False,none,A.DG4,B.DC21,DG,DC,-0.343,-0.133,-0.238,5.77,-16.643,1.576,True,True,
477D,477D,False,4,A.DA5,B.DT20,A,5,DA,B,20,DT,A|5|DA,B|20|DT,A|5|DA || B|20|DT,A-T,WC,cW-W,M_minus_N,False,False,"[0.071, -0.079, -0.202, 7.989, -11.219, 3.744]",0.07,-0.08,-0.202,7.884,-11.293,3.753,DA,False,none,A.DA5,B.DT20,DA,DT,0.07,-0.08,-0.202,7.884,-11.293,3.753,True,True,
477D,477D,False,5,A.DA6,B.DT19,A,6,DA,B,19,DT,A|6|DA,B|19|DT,A|6|DA || B|19|DT,A-T,WC,cW-W,M_minus_N,False,False,"[-0.015, -0.088, -0.193, 1.22, -12.606, 3.774]",-0.015,-0.088,-0.193,1.169,-12.611,3.796,DA,False,none,A.DA6,B.DT19,DA,DT,-0.015,-0.088,-0.193,1.169,-12.611,3.796,True,True,
477D,477D,False,6,A.DT7,B.DA18,A,7,DT,B,18,DA,A|7|DT,B|18|DA,A|7|DT || B|18|DA,T-A,WC,cW-W,M_minus_N,False,False,"[0.19, -0.066, -0.067, 3.449, -16.475, 6.994]",0.189,-0.068,-0.067,3.238,-16.518,7.065,DA,True,M_minus_N,B.DA18,A.DT7,DA,DT,-0.189,-0.068,-0.067,-3.238,-16.518,7.065,True,True,
477D,477D,False,7,A.DT8,B.DA17,A,8,DT,B,17,DA,A|8|DT,B|17|DA,A|8|DT || B|17|DA,T-A,WC,cW-W,M_minus_N,False,False,"[-0.075, -0.016, -0.032, -0.506, -14.687, 4.335]",-0.075,-0.017,-0.032,-0.314,-14.692,4.371,DA,True,M_minus_N,B.DA17,A.DT8,DA,DT,0.075,-0.017,-0.032,0.314,-14.692,4.371,True,True,
477D,477D,False,8,A.DC9,B.DG16,A,9,DC,B,16,DG,A|9|DC,B|16|DG,A|9|DC || B|16|DG,C-G,WC,cW-W,M_minus_N,False,False,"[0.388, -0.065, 0.219, -13.92, -11.963, 3.099]",0.385,-0.081,0.219,-14.399,-11.381,3.09,DG,True,M_minus_N,B.DG16,A.DC9,DG,DC,-0.385,-0.081,0.219,14.399,-11.381,3.09,True,True,
477D,477D,False,9,A.DG10,B.DC15,A,10,DG,B,15,DC,A|10|DG,B|15|DC,A|10|DG || B|15|DC,G-C,WC,cW-W,M_minus_N,False,False,"[-0.481, -0.094, 0.228, 1.703, 1.786, 1.35]",-0.476,-0.115,0.228,1.624,1.858,1.35,DG,False,none,A.DG10,B.DC15,DG,DC,-0.476,-0.115,0.228,1.624,1.858,1.35,True,True,
477D,477D,False,10,A.DC11,B.DG14,A,11,DC,B,14,DG,A|11|DC,B|14|DG,A|11|DC || B|14|DG,C-G,WC,cW-W,M_minus_N,True,False,"[0.377, -0.058, 0.079, 10.881, 0.711, -0.499]",0.375,-0.07,0.079,10.898,0.345,-0.497,DG,True,M_minus_N,B.DG14,A.DC11,DG,DC,-0.375,-0.07,0.079,-10.898,0.345,-0.497,True,True,
4C64,4C64,False,1,A.DC1,B.DG24,A,1,DC,B,24,DG,A|1|DC,B|24|DG,A|1|DC || B|24|DG,C-G,WC,cW-W,M_minus_N,True,False,"[0.21, -0.141, 0.054, 5.899, -15.987, 0.037]",0.208,-0.144,0.054,5.631,-16.083,0.037,DG,True,M_minus_N,B.DG24,A.DC1,DG,DC,-0.208,-0.144,0.054,-5.631,-16.083,0.037,True,True,
4C64,4C64,False,2,A.DG2,B.DC23,A,2,DG,B,23,DC,A|2|DG,B|23|DC,A|2|DG || B|23|DC,G-C,WC,cW-W,M_minus_N,False,False,"[-0.251, -0.179, 0.382, 6.001, -9.44, -2.336]",-0.247,-0.185,0.382,6.219,-9.297,-2.34,DG,False,none,A.DG2,B.DC23,DG,DC,-0.247,-0.185,0.382,6.219,-9.297,-2.34,True,True,
4C64,4C64,False,3,A.DC3,B.DG22,A,3,DC,B,22,DG,A|3|DC,B|22|DG,A|3|DC || B|22|DG,C-G,WC,cW-W,M_minus_N,False,False,"[0.142, -0.116, 0.121, -0.791, -7.526, -0.907]",0.141,-0.117,0.121,-0.872,-7.517,-0.909,DG,True,M_minus_N,B.DG22,A.DC3,DG,DC,-0.141,-0.117,0.121,0.872,-7.517,-0.909,True,True,
4C64,4C64,False,4,A.DG4,B.DC21,A,4,DG,B,21,DC,A|4|DG,B|21|DC,A|4|DG || B|21|DC,G-C,WC,cW-W,M_minus_N,False,False,"[-0.236, -0.036, -0.0, 11.782, -9.721, 1.131]",-0.235,-0.042,-0.0,12.016,-9.43,1.129,DG,False,none,A.DG4,B.DC21,DG,DC,-0.235,-0.042,-0.0,12.016,-9.43,1.129,True,True,
4C64,4C64,False,5,A.DA5,B.DT20,A,5,DA,B,20,DT,A|5|DA,B|20|DT,A|5|DA || B|20|DT,A-T,WC,cW-W,M_minus_N,False,False,"[0.094, -0.071, -0.078, 5.806, -15.678, 2.668]",0.093,-0.072,-0.078,5.63,-15.742,2.69,DA,False,none,A.DA5,B.DT20,DA,DT,0.093,-0.072,-0.078,5.63,-15.742,2.69,True,True,
4C64,4C64,False,6,A.DA6,B.DT19,A,6,DA,B,19,DT,A|6|DA,B|19|DT,A|6|DA || B|19|DT,A-T,WC,cW-W,M_minus_N,False,False,"[0.068, -0.107, 0.064, 1.394, -16.013, 4.601]",0.067,-0.108,0.064,1.183,-16.03,4.646,DA,False,none,A.DA6,B.DT19,DA,DT,0.067,-0.108,0.064,1.183,-16.03,4.646,True,True,
4C64,4C64,False,7,A.DT7,B.DA18,A,7,DT,B,18,DA,A|7|DT,B|18|DA,A|7|DT || B|18|DA,T-A,WC,cW-W,M_minus_N,False,False,"[-0.008, -0.121, 0.11, -0.586, -16.298, 3.201]",-0.007,-0.121,0.11,-0.462,-16.302,3.233,DA,True,M_minus_N,B.DA18,A.DT7,DA,DT,0.007,-0.121,0.11,0.462,-16.302,3.233,True,True,
4C64,4C64,False,8,A.DT8,B.DA17,A,8,DT,B,17,DA,A|8|DT,B|17|DA,A|8|DT || B|17|DA,T-A,WC,cW-W,M_minus_N,False,False,"[-0.063, -0.155, -0.06, -1.58, -12.837, 3.725]",-0.062,-0.156,-0.06,-1.419,-12.855,3.748,DA,True,M_minus_N,B.DA17,A.DT8,DA,DT,0.062,-0.156,-0.06,1.419,-12.855,3.748,True,True,
4C64,4C64,False,9,A.DC9,B.DG16,A,9,DC,B,16,DG,A|9|DC,B|16|DG,A|9|DC || B|16|DG,C-G,WC,cW-W,M_minus_N,False,False,"[0.251, -0.142, 0.069, -11.341, -9.834, -2.117]",0.248,-0.148,0.069,-11.578,-9.553,-2.113,DG,True,M_minus_N,B.DG16,A.DC9,DG,DC,-0.248,-0.148,0.069,11.578,-9.553,-2.113,True,True,
4C64,4C64,False,10,A.DG10,B.DC15,A,10,DG,B,15,DC,A|10|DG,B|15|DC,A|10|DG || B|15|DC,G-C,WC,cW-W,M_minus_N,False,False,"[-0.157, -0.061, 0.223, 4.393, -9.294, 2.912]",-0.156,-0.063,0.223,4.507,-9.239,2.92,DG,False,none,A.DG10,B.DC15,DG,DC,-0.156,-0.063,0.223,4.507,-9.239,2.92,True,True,
4C64,4C64,False,11,A.DC11,B.DG14,A,11,DC,B,14,DG,A|11|DC,B|14|DG,A|11|DC || B|14|DG,C-G,WC,cW-W,M_minus_N,False,False,"[0.112, -0.138, 0.106, 3.946, -16.816, -0.577]",0.112,-0.138,0.106,3.884,-16.831,-0.583,DG,True,M_minus_N,B.DG14,A.DC11,DG,DC,-0.112,-0.138,0.106,-3.884,-16.831,-0.583,True,True,
4C64,4C64,False,12,A.DG12,B.DC13,A,12,DG,B,13,DC,A|12|DG,B|13|DC,A|12|DG || B|13|DC,G-C,WC,cW-W,M_minus_N,True,False,"[-0.212, -0.172, 0.364, 5.221, -8.831, -1.923]",-0.209,-0.176,0.364,5.383,-8.733,-1.927,DG,False,none,A.DG12,B.DC13,DG,DC,-0.209,-0.176,0.364,5.383,-8.733,-1.927,True,True,
