variant,block,pair_group,weighting,n_pairs,n_structures,features_json,mean_json,sd_json,median_json,mad_scaled_json,covariance_json
pair_equal,absolute_3,AT_pair,pair_equal,105,18,"[""abs_stretch_A"", ""abs_opening_deg"", ""abs_propeller_deg""]","[0.18750476190476192, 3.8862190476190475, 16.32522857142857]","[0.1428835004073063, 2.6815382962488306, 5.121427338712742]","[0.158, 3.683, 16.22]","[0.1438122, 2.4151554000000006, 5.0690094000000006]","[[0.020415694688644695, 0.05700825375457879, 0.07022102774725272], [0.05700825375457879, 7.190647634249082, 0.7386199975274719], [0.07022102774725272, 0.7386199975274719, 26.229017985714275]]"
pair_equal,absolute_3,GC_pair,pair_equal,125,18,"[""abs_stretch_A"", ""abs_opening_deg"", ""abs_propeller_deg""]","[0.2322, 3.5427280000000003, 10.447272000000002]","[0.1602024424927572, 3.834593024996895, 6.078717275523013]","[0.216, 2.244, 10.347]","[0.1793946, 2.1319788, 6.981563399999999]","[[0.025664822580645175, 0.09227990161290324, 0.29226713870967735], [0.09227990161290324, 14.704103667354838, -0.15435453025806453], [0.29226713870967735, -0.15435453025806453, 36.95080371574193]]"
structure_equal,absolute_3,AT_pair,structure_equal,105,18,"[""abs_stretch_A"", ""abs_opening_deg"", ""abs_propeller_deg""]","[0.19017648709315374, 4.358102413019079, 15.656169893378223]","[0.15811598046259992, 3.0401608294839617, 4.65502006641422]","[0.153, 3.796, 15.875]","[0.1378818, 2.5115244, 4.7458026]","[[0.025000663277649278, 0.13927956667476063, 0.018027034961704352], [0.13927956667476063, 9.24257786912861, 1.622725297865837], [0.018027034961704356, 1.6227252978658375, 21.669211818719052]]"
structure_equal,absolute_3,GC_pair,structure_equal,125,18,"[""abs_stretch_A"", ""abs_opening_deg"", ""abs_propeller_deg""]","[0.21824722222222223, 3.4944305555555557, 10.000097376543211]","[0.1566257144637699, 3.7536649519484326, 5.954910439415669]","[0.178, 2.181, 10.295]","[0.15567299999999998, 2.2016609999999996, 7.1075844]","[[0.024531614431286385, 0.12480009901559647, 0.24556906678935655], [0.12480009901559647, 14.09000057148603, 1.1422238977167543], [0.24556906678935658, 1.1422238977167545, 35.46095834146172]]"
1D89_excluded,absolute_3,AT_pair,pair_equal,87,17,"[""abs_stretch_A"", ""abs_opening_deg"", ""abs_propeller_deg""]","[0.17656321839080458, 3.973459770114942, 15.195183908045976]","[0.15114467896760111, 2.716898264842148, 4.491152334464502]","[0.134, 3.691, 15.699]","[0.1452948, 2.3558513999999997, 4.5604776000000005]","[[0.0228447139802192, 0.08421815664260897, 0.022861895215183094], [0.08421815664260897, 7.381536181502272, 0.8750431005078857], [0.022861895215183094, 0.8750431005078857, 20.170449291365948]]"
1D89_excluded,absolute_3,GC_pair,pair_equal,107,17,"[""abs_stretch_A"", ""abs_opening_deg"", ""abs_propeller_deg""]","[0.20882242990654204, 3.674906542056075, 9.720373831775701]","[0.15459916601865129, 4.07570876469105, 5.83398364096801]","[0.168, 2.113, 9.534]","[0.1452948, 2.268378, 6.917811599999998]","[[0.0239009021336625, 0.14259520966319872, 0.1945094632339975], [0.14259520966319872, 16.61140193457944, 0.777732695644507], [0.1945094632339975, 0.777732695644507, 34.035365123082364]]"
3IXN_excluded,absolute_3,AT_pair,pair_equal,103,17,"[""abs_stretch_A"", ""abs_opening_deg"", ""abs_propeller_deg""]","[0.18032038834951455, 3.738271844660194, 16.351077669902914]","[0.13387521359659516, 2.4372554767010595, 5.12687331557044]","[0.157, 3.603, 16.22]","[0.1438122, 2.3202690000000006, 5.061596400000002]","[[0.01792257281553398, 0.007800010089472685, 0.0895947689891491], [0.007800010089472685, 5.940214258709309, 0.6432202629925757], [0.0895947689891491, 0.6432202629925757, 26.284829993908232]]"
3IXN_excluded,absolute_3,GC_pair,pair_equal,117,17,"[""abs_stretch_A"", ""abs_opening_deg"", ""abs_propeller_deg""]","[0.22967521367521368, 2.867256410256411, 10.809923076923077]","[0.15083016419823328, 2.5940470782219487, 5.9992076734806465]","[0.216, 2.113, 10.53]","[0.16456859999999998, 1.9377581999999998, 6.759173400000001]","[[0.022749738432066013, 0.10020398054818751, 0.29335359549071627], [0.10020398054818751, 6.729080244031829, 3.1644220974801067], [0.29335359549071627, 3.1644220974801067, 35.99049270954907]]"
terminal_excluded,absolute_3,AT_pair,pair_equal,103,18,"[""abs_stretch_A"", ""abs_opening_deg"", ""abs_propeller_deg""]","[0.19001941747572815, 3.9021067961165046, 16.496893203883495]","[0.14307155624896403, 2.7046217303292237, 5.017845707801935]","[0.166, 3.691, 16.253]","[0.1452948, 2.4507377999999997, 5.020083599999999]","[[0.02046947020750048, 0.056200478298115364, 0.048552894250904234], [0.056200478298115364, 7.314978704169045, 0.6112349723015411], [0.048552894250904234, 0.6112349723015411, 25.178775547306298]]"
terminal_excluded,absolute_3,GC_pair,pair_equal,91,18,"[""abs_stretch_A"", ""abs_opening_deg"", ""abs_propeller_deg""]","[0.2408571428571428, 3.416043956043956, 10.640175824175826]","[0.1640645246662673, 3.8545444259185455, 5.667985239911399]","[0.237, 2.113, 10.347]","[0.21052919999999997, 1.9095887999999999, 6.2017158]","[[0.026917168253968237, 0.11588888412698414, 0.3050804253968253], [0.11588888412698414, 14.85751273137973, -0.08840088559218455], [0.3050804253968253, -0.08840088559218455, 32.126056679853484]]"
high_resolution_le_2.5A,absolute_3,AT_pair,pair_equal,99,16,"[""abs_stretch_A"", ""abs_opening_deg"", ""abs_propeller_deg""]","[0.18002020202020202, 3.626818181818182, 16.136484848484848]","[0.13606495896115806, 2.364650400719995, 5.065432500348259]","[0.156, 3.383, 16.03]","[0.1452948, 2.2950648, 4.707255000000001]","[[0.018513673057101623, 0.011522728200371068, 0.09554300030921455], [0.011522728200371068, 5.591571517625233, -0.17384147217068685], [0.09554300030921455, -0.17384147217068685, 25.65860641558442]]"
high_resolution_le_2.5A,absolute_3,GC_pair,pair_equal,109,16,"[""abs_stretch_A"", ""abs_opening_deg"", ""abs_propeller_deg""]","[0.22291743119266055, 2.7103486238532115, 10.709550458715597]","[0.1531578179308524, 2.4927996843358553, 5.952275661126714]","[0.185, 2.09, 10.532]","[0.15863819999999998, 1.8399066, 6.7562082000000006]","[[0.02345731719334013, 0.09523825127420998, 0.2978316384641522], [0.09523825127420998, 6.21405026622494, 2.4518158063200817], [0.2978316384641522, 2.4518158063200817, 35.42958554604145]]"
altloc_endpoint_excluded,absolute_3,AT_pair,pair_equal,105,18,"[""abs_stretch_A"", ""abs_opening_deg"", ""abs_propeller_deg""]","[0.18750476190476192, 3.8862190476190475, 16.32522857142857]","[0.1428835004073063, 2.6815382962488306, 5.121427338712742]","[0.158, 3.683, 16.22]","[0.1438122, 2.4151554000000006, 5.0690094000000006]","[[0.020415694688644695, 0.05700825375457879, 0.07022102774725272], [0.05700825375457879, 7.190647634249082, 0.7386199975274719], [0.07022102774725272, 0.7386199975274719, 26.229017985714275]]"
altloc_endpoint_excluded,absolute_3,GC_pair,pair_equal,125,18,"[""abs_stretch_A"", ""abs_opening_deg"", ""abs_propeller_deg""]","[0.2322, 3.5427280000000003, 10.447272000000002]","[0.1602024424927572, 3.834593024996895, 6.078717275523013]","[0.216, 2.244, 10.347]","[0.1793946, 2.1319788, 6.981563399999999]","[[0.025664822580645175, 0.09227990161290324, 0.29226713870967735], [0.09227990161290324, 14.704103667354838, -0.15435453025806453], [0.29226713870967735, -0.15435453025806453, 36.95080371574193]]"
pair_equal,signed_6,AT_pair,pair_equal,105,18,"[""oriented_shear_A"", ""oriented_stretch_A"", ""oriented_stagger_A"", ""oriented_buckle_deg"", ""oriented_propeller_deg"", ""oriented_opening_deg""]","[0.04912380952380953, -0.17312380952380949, 0.05443809523809524, 2.3358, -16.32522857142857, 1.7968666666666666]","[0.3081697426630984, 0.16016161880798452, 0.26939608114224406, 6.412694320642456, 5.121427338712742, 4.3793594369730755]","[0.052, -0.157, 0.057, 2.143, -16.22, 2.483]","[0.1942206, 0.1452948, 0.22238999999999998, 5.192065199999999, 5.0690094000000006, 4.1690712]","[[0.09496859029304028, -0.01266050375457875, 0.004237185622710622, 0.5510647846153848, -0.07024437527472523, -0.29053437756410255], [-0.01266050375457875, 0.02565174413919414, -0.001638349084249084, -0.15846704423076927, 0.14396544258241756, 0.08851351217948716], [0.004237185622710622, -0.001638349084249084, 0.07257424853479853, 0.6484580403846155, -0.02537512005494509, -0.1015086621794872], [0.5510647846153848, -0.15846704423076927, 0.6484580403846155, 41.12264845000001, 4.54283508846154, -3.823848075000001], [-0.07024437527472523, 0.14396544258241756, -0.02537512005494509, 4.54283508846154, 26.229017985714275, 2.334287921153845], [-0.29053437756410255, 0.08851351217948716, -0.1015086621794872, -3.823848075000001, 2.334287921153845, 19.178789078205135]]"
pair_equal,signed_6,GC_pair,pair_equal,125,18,"[""oriented_shear_A"", ""oriented_stretch_A"", ""oriented_stagger_A"", ""oriented_buckle_deg"", ""oriented_propeller_deg"", ""oriented_opening_deg""]","[-0.17929599999999998, -0.213288, 0.1522, 2.1123519999999996, -8.660632000000001, -2.5714479999999997]","[0.38750871007900806, 0.18481838583305363, 0.27378706112362156, 8.549648490469105, 8.447784525882621, 4.548689072859167]","[-0.217, -0.194, 0.088, 3.674, -9.534, -1.842]","[0.24759420000000001, 0.1749468, 0.200151, 8.3188686, 7.610185799999998, 3.0526733999999993]","[[0.1501630003870967, 0.03300739793548388, 0.03995110806451613, 0.5995696130967745, 0.4162965533548386, -0.8685383917419353], [0.03300739793548388, 0.034157835741935476, 0.008397485483870964, 0.16523134412903226, 0.47826568748387105, -0.01877197683870965], [0.03995110806451613, 0.008397485483870964, 0.07495935483870968, 0.8124954532258066, -0.07654809032258071, -0.5528127], [0.5995696130967745, 0.16523134412903226, 0.8124954532258066, 73.09648931058064, 7.293546143612904, -1.9292469700645143], [0.4162965533548386, 0.47826568748387105, -0.07654809032258071, 7.293546143612904, 71.36506339574187, -4.870694341870967], [-0.8685383917419353, -0.01877197683870965, -0.5528127, -1.9292469700645143, -4.870694341870967, 20.69057228154839]]"
structure_equal,signed_6,AT_pair,structure_equal,105,18,"[""oriented_shear_A"", ""oriented_stretch_A"", ""oriented_stagger_A"", ""oriented_buckle_deg"", ""oriented_propeller_deg"", ""oriented_opening_deg""]","[0.049066217732884394, -0.1521672278338945, 0.0666914983164983, 2.4565826318742983, -15.656169893378223, 1.7689430415263747]","[0.32513454056058644, 0.19536595917810423, 0.2730474206317326, 6.599132476665315, 4.65502006641422, 5.029453197070063]","[0.046, -0.14, 0.047, 2.023, -15.875, 3.215]","[0.192738, 0.14232959999999995, 0.207564, 4.723563599999999, 4.7458026, 3.6101310000000004]","[[0.10571246946554363, -0.023815959092956474, 0.014848605588831517, 0.9535784169279269, -0.06646761804648371, -0.40799539995647144], [-0.023815959092956474, 0.03816785800558069, -0.0016440584981317812, -0.4767196414897431, 0.20920357348744945, 0.04679559974367072], [0.014848605588831517, -0.0016440584981317818, 0.07455489391364233, 0.6114075864609906, -0.036730606248873726, -0.5022233992975245], [0.9535784169279268, -0.47671964148974316, 0.6114075864609906, 43.548549444578896, 1.4536794518211429, -6.904232090935896], [-0.06646761804648371, 0.20920357348744947, -0.03673060624887373, 1.4536794518211416, 21.669211818719052, 0.8737718235753991], [-0.40799539995647144, 0.046795599743670736, -0.5022233992975245, -6.904232090935895, 0.8737718235753984, 25.295399461518272]]"
structure_equal,signed_6,GC_pair,structure_equal,125,18,"[""oriented_shear_A"", ""oriented_stretch_A"", ""oriented_stagger_A"", ""oriented_buckle_deg"", ""oriented_propeller_deg"", ""oriented_opening_deg""]","[-0.14529058641975304, -0.20225092592592595, 0.14913858024691354, 2.0800918209876538, -8.246768672839506, -2.570704320987654]","[0.36927444780658575, 0.17696995710088093, 0.26795865356684523, 8.338275684957885, 8.23047378425799, 4.443284979223725]","[-0.208, -0.171, 0.089, 3.307, -9.43, -1.788]","[0.24759420000000001, 0.1497426, 0.192738, 8.2106388, 7.7643762, 3.1979682]","[[0.13636361780285883, 0.02491104155702417, 0.032445183023268334, 0.5405411344530895, 0.29189857824280324, -0.7776445108886062], [0.02491104155702417, 0.031318365716287634, 0.00554350864568105, 0.13488517610630055, 0.41670591495448517, 0.0346897803338437], [0.032445183023268334, 0.00554350864568105, 0.07180184002135659, 0.7560714618115927, -0.18436294083347507, -0.45239649012011407], [0.5405411344530895, 0.1348851761063005, 0.7560714618115927, 69.52684139835989, 4.488528958162732, -0.4200424291646613], [0.2918985782428033, 0.4167059149544851, -0.18436294083347513, 4.488528958162731, 67.74069871335803, -3.0644366359178488], [-0.7776445108886062, 0.0346897803338437, -0.45239649012011407, -0.42004242916466056, -3.0644366359178488, 19.742781406595178]]"
pair_equal,absolute_6,AT_pair,pair_equal,105,18,"[""abs_shear_A"", ""abs_stretch_A"", ""abs_stagger_A"", ""abs_buckle_deg"", ""abs_propeller_deg"", ""abs_opening_deg""]","[0.20845714285714287, 0.18750476190476192, 0.20245714285714284, 5.236180952380952, 16.32522857142857, 3.8862190476190475]","[0.23137141422112054, 0.1428835004073063, 0.1848870772084445, 4.353142498376565, 5.121427338712742, 2.6815382962488306]","[0.141, 0.158, 0.15, 4.344, 16.22, 3.683]","[0.126021, 0.1438122, 0.133434, 4.3188138, 5.0690094000000006, 2.4151554000000006]","[[0.05353273131868134, 0.010067892032967032, 0.009078837087912087, 0.1722620510989011, 0.17875977912087918, 0.09622600467032974], [0.010067892032967032, 0.020415694688644695, 0.00796011318681319, 0.1589193693223443, 0.07022102774725272, 0.05700825375457879], [0.009078837087912087, 0.00796011318681319, 0.03418323131868131, 0.3604476184065935, 0.10824738489010993, 0.11204994697802198], [0.1722620510989011, 0.1589193693223443, 0.3604476184065935, 18.949849611172166, -0.883769022527472, 0.16692255613553136], [0.17875977912087918, 0.07022102774725272, 0.10824738489010993, -0.883769022527472, 26.229017985714275, 0.7386199975274719], [0.09622600467032974, 0.05700825375457879, 0.11204994697802198, 0.16692255613553136, 0.7386199975274719, 7.190647634249082]]"
pair_equal,absolute_6,GC_pair,pair_equal,125,18,"[""abs_shear_A"", ""abs_stretch_A"", ""abs_stagger_A"", ""abs_buckle_deg"", ""abs_propeller_deg"", ""abs_opening_deg""]","[0.33768, 0.2322, 0.219272, 7.33616, 10.447272000000002, 3.5427280000000003]","[0.26004219880875173, 0.1602024424927572, 0.22325558100888065, 4.831276715320703, 6.078717275523013, 3.834593024996895]","[0.263, 0.216, 0.135, 6.514, 10.347, 2.244]","[0.1971858, 0.1793946, 0.1349166, 5.3432904, 6.981563399999999, 2.1319788]","[[0.06762194516129036, 0.014085951612903236, 0.007519853870967739, 0.040375898387096786, 0.14493435387096776, 0.29735257354838707], [0.014085951612903236, 0.025664822580645175, 0.004466259677419353, -0.020939500000000003, 0.29226713870967735, 0.09227990161290324], [0.007519853870967739, 0.004466259677419353, 0.04984305445161287, -0.014972003548387113, 0.1525742641290322, 0.5195761068387096], [0.040375898387096786, -0.020939500000000003, -0.014972003548387113, 23.341234700000005, -0.19770399548387094, -0.31596226258064564], [0.14493435387096776, 0.29226713870967735, 0.1525742641290322, -0.19770399548387094, 36.95080371574193, -0.15435453025806453], [0.29735257354838707, 0.09227990161290324, 0.5195761068387096, -0.31596226258064564, -0.15435453025806453, 14.704103667354838]]"
structure_equal,absolute_6,AT_pair,structure_equal,105,18,"[""abs_shear_A"", ""abs_stretch_A"", ""abs_stagger_A"", ""abs_buckle_deg"", ""abs_propeller_deg"", ""abs_opening_deg""]","[0.21811588103254773, 0.19017648709315374, 0.1969047418630752, 5.166003507295173, 15.656169893378223, 4.358102413019079]","[0.24496433955126612, 0.15811598046259992, 0.19955552740772692, 4.75918056395566, 4.65502006641422, 3.0401608294839617]","[0.141, 0.153, 0.141, 4.032, 15.875, 3.796]","[0.1393644, 0.1378818, 0.11416019999999998, 4.1542452, 4.7458026, 2.5115244]","[[0.060007527651788004, 0.01566064496734782, 0.019603145876760573, 0.42604768234974494, 0.19093266452691177, 0.2052514345104913], [0.015660644967347818, 0.025000663277649278, 0.01210317746127776, 0.3142920741405808, 0.018027034961704352, 0.13927956667476063], [0.01960314587676057, 0.01210317746127776, 0.039822408518976046, 0.5715957671409228, 0.06370044910987008, 0.2790262080673527], [0.4260476823497449, 0.3142920741405808, 0.5715957671409226, 22.64979964033331, -1.5140049546386436, 3.4381283464194996], [0.19093266452691174, 0.018027034961704356, 0.06370044910987006, -1.514004954638643, 21.669211818719052, 1.6227252978658375], [0.20525143451049127, 0.13927956667476063, 0.2790262080673526, 3.4381283464194996, 1.622725297865837, 9.24257786912861]]"
structure_equal,absolute_6,GC_pair,structure_equal,125,18,"[""abs_shear_A"", ""abs_stretch_A"", ""abs_stagger_A"", ""abs_buckle_deg"", ""abs_propeller_deg"", ""abs_opening_deg""]","[0.3139804012345679, 0.21824722222222223, 0.21543333333333328, 7.14539675925926, 10.000097376543211, 3.4944305555555557]","[0.24123496346410828, 0.1566257144637699, 0.21775175927832635, 4.730512087160645, 5.954910439415669, 3.7536649519484326]","[0.251, 0.178, 0.135, 6.391, 10.295, 2.181]","[0.1897728, 0.15567299999999998, 0.1304688, 4.5723384, 7.1075844, 2.2016609999999996]","[[0.05819430759752965, 0.009794531518645715, 0.008477309919292752, -0.009849117782482604, 0.06259921523319267, 0.3246403795770872], [0.009794531518645715, 0.024531614431286385, 0.006020108011037774, -0.057394294083631024, 0.24556906678935655, 0.12480009901559647], [0.008477309919292752, 0.006020108011037774, 0.047415828668806184, -0.007451989116199404, 0.2358914182521213, 0.4691107943046461], [-0.009849117782482578, -0.057394294083631024, -0.0074519891161994025, 22.377744606772964, -1.177715256925786, -0.36681701664532973], [0.06259921523319271, 0.24556906678935658, 0.23589141825212132, -1.1777152569257856, 35.46095834146172, 1.1422238977167545], [0.3246403795770872, 0.12480009901559647, 0.4691107943046461, -0.36681701664532984, 1.1422238977167543, 14.09000057148603]]"
