variant,block,weighting,target_role,pdb_id,pair_group,n_reference_pairs,n_reference_structures,feature_vector_json,D_diagonal,D_robust,D_mahalanobis,D_diagonal_empirical_percentile,D_diagonal_reference_p97_5,D_robust_empirical_percentile,D_robust_reference_p97_5,D_mahalanobis_empirical_percentile,D_mahalanobis_reference_p97_5
pair_equal,absolute_3,pair_equal,111D_site4,111D,AT_pair,105,18,"[4.094, 91.983, 16.632]",42.74139526361205,45.67014273390481,40.1108400759465,100.0,3.7604895150961215,100.0,4.025825800616998,100.0,3.7799420502466696
pair_equal,absolute_3,pair_equal,111D_site9,111D,AT_pair,105,18,"[3.869, 85.499, 20.675]",39.88591528319193,42.59381188077425,37.34815599049526,100.0,3.7604895150961215,100.0,4.025825800616998,100.0,3.7799420502466696
pair_equal,absolute_3,pair_equal,178D_site4,178D,AT_pair,105,18,"[5.111, 84.342, 20.468]",45.69716781375925,47.98154521101411,42.809106823681645,100.0,3.7604895150961215,100.0,4.025825800616998,100.0,3.7799420502466696
pair_equal,absolute_3,pair_equal,178D_site9,178D,AT_pair,105,18,"[4.428, 83.556, 18.588]",41.99631866315129,44.446964981350774,39.331542270229114,100.0,3.7604895150961215,100.0,4.025825800616998,100.0,3.7799420502466696
pair_equal,absolute_3,pair_equal,183D_primary,183D,GC_pair,125,18,"[0.125, 3.93, 6.679]",0.9177458162557309,1.0764433230131019,0.8204795481806458,13.599999999999996,3.576538019455164,27.999999999999993,6.69283903479512,11.2,3.7757570204179927
structure_equal,absolute_3,structure_equal,111D_site4,111D,AT_pair,105,18,"[4.094, 91.983, 16.632]",37.95201158999702,45.27582615855473,33.628868975736474,100.0,3.991255374664927,100.0,5.052670442259554,100.0,3.597310566298205
structure_equal,absolute_3,structure_equal,111D_site9,111D,AT_pair,105,18,"[3.869, 85.499, 20.675]",35.423669806923094,42.25683835631121,31.291343815460095,100.0,3.991255374664927,100.0,5.052670442259554,100.0,3.597310566298205
structure_equal,absolute_3,structure_equal,178D_site4,178D,AT_pair,105,18,"[5.111, 84.342, 20.468]",40.765080092502025,48.19190278775908,36.02913747584819,100.0,3.991255374664927,100.0,5.052670442259554,100.0,3.597310566298205
structure_equal,absolute_3,structure_equal,178D_site9,178D,AT_pair,105,18,"[4.428, 83.556, 18.588]",37.38148353917576,44.38660795401818,32.98652457891162,100.0,3.991255374664927,100.0,5.052670442259554,100.0,3.597310566298205
structure_equal,absolute_3,structure_equal,183D_primary,183D,GC_pair,125,18,"[0.125, 3.93, 6.679]",0.8239810834382361,1.0029016751829625,0.7666032078139545,10.80246913580247,3.6293883719206836,21.373456790123456,6.50071341519159,9.876543209876544,3.9356008252822305
1D89_excluded,absolute_3,pair_equal,111D_site4,111D,AT_pair,87,17,"[4.094, 91.983, 16.632]",41.48735150853532,46.340637087895914,37.985365884967834,100.0,3.6233628802642865,100.0,4.159593134047107,100.0,3.715590931057703
1D89_excluded,absolute_3,pair_equal,111D_site9,111D,AT_pair,87,17,"[3.869, 85.499, 20.675]",38.71324460462067,43.21879449511543,35.36613094551873,100.0,3.6233628802642865,100.0,4.159593134047107,100.0,3.715590931057703
1D89_excluded,absolute_3,pair_equal,178D_site4,178D,AT_pair,87,17,"[5.111, 84.342, 20.468]",44.070932167141365,48.44020523636225,40.18406221173004,100.0,3.6233628802642865,100.0,4.159593134047107,100.0,3.715590931057703
1D89_excluded,absolute_3,pair_equal,178D_site9,178D,AT_pair,87,17,"[4.428, 83.556, 18.588]",40.61739480089082,44.978662179376215,37.040792379248124,100.0,3.6233628802642865,100.0,4.159593134047107,100.0,3.715590931057703
1D89_excluded,absolute_3,pair_equal,183D_primary,183D,GC_pair,107,17,"[0.125, 3.93, 6.679]",0.7547610971490321,0.948436414013561,0.7064411694014069,8.411214953271028,3.7569458998733976,16.822429906542055,6.657328132965253,7.476635514018691,3.9074213856075444
3IXN_excluded,absolute_3,pair_equal,111D_site4,111D,AT_pair,103,17,"[4.094, 91.983, 16.632]",46.53530990994835,46.90767907023672,46.33304889818441,100.0,3.4576685569658747,100.0,3.4969925324201006,100.0,3.594745715317495
3IXN_excluded,absolute_3,pair_equal,111D_site9,111D,AT_pair,103,17,"[3.869, 85.499, 20.675]",43.41929352041995,43.73564001901182,43.135046291978355,100.0,3.4576685569658747,100.0,3.4969925324201006,100.0,3.594745715317495
3IXN_excluded,absolute_3,pair_equal,178D_site4,178D,AT_pair,103,17,"[5.111, 84.342, 20.468]",49.50605298726898,48.97139794642851,49.243136369759725,100.0,3.4576685569658747,100.0,3.4969925324201006,100.0,3.594745715317495
3IXN_excluded,absolute_3,pair_equal,178D_site9,178D,AT_pair,103,17,"[4.428, 83.556, 18.588]",45.60039274350474,45.49291788208439,45.37431545512984,100.0,3.4576685569658747,100.0,3.4969925324201006,100.0,3.594745715317495
3IXN_excluded,absolute_3,pair_equal,183D_primary,183D,GC_pair,117,17,"[0.125, 3.93, 6.679]",1.0600045232056436,1.22866627266184,1.086988890806705,18.80341880341881,3.5325331048599105,35.04273504273506,4.956067333495517,19.658119658119666,3.4583900782881467
terminal_excluded,absolute_3,pair_equal,111D_site4,111D,AT_pair,103,18,"[4.094, 91.983, 16.632]",42.48732807515527,45.04224077782367,39.85642027678905,100.0,3.752518469962259,100.0,3.942042402263851,100.0,3.769606976820859
terminal_excluded,absolute_3,pair_equal,111D_site9,111D,AT_pair,103,18,"[3.869, 85.499, 20.675]",39.64986022407311,42.00722561957301,37.128796143505156,100.0,3.752518469962259,100.0,3.942042402263851,100.0,3.769606976820859
terminal_excluded,absolute_3,pair_equal,178D_site4,178D,AT_pair,103,18,"[5.111, 84.342, 20.468]",45.477732882212685,47.35006621968115,42.59712937342426,100.0,3.752518469962259,100.0,3.942042402263851,100.0,3.769606976820859
terminal_excluded,absolute_3,pair_equal,178D_site9,178D,AT_pair,103,18,"[4.428, 83.556, 18.588]",41.772771562728416,43.84809883412733,39.112216830267286,100.0,3.752518469962259,100.0,3.942042402263851,100.0,3.769606976820859
terminal_excluded,absolute_3,pair_equal,183D_primary,183D,GC_pair,91,18,"[0.125, 3.93, 6.679]",1.0024317713608049,1.2402446721373943,0.8932331487846757,14.285714285714285,4.096381779159005,41.75824175824177,7.394623997372899,10.98901098901099,3.9307523184930404
high_resolution_le_2.5A,absolute_3,pair_equal,111D_site4,111D,AT_pair,99,16,"[4.094, 91.983, 16.632]",47.155491397040215,47.16916502357868,46.47281776987176,100.0,3.46190158695758,100.0,3.5521773271727954,100.0,3.540510404552315
high_resolution_le_2.5A,absolute_3,pair_equal,111D_site9,111D,AT_pair,99,16,"[3.869, 85.499, 20.675]",43.984499692578176,43.979459857777165,43.28924249781658,100.0,3.46190158695758,100.0,3.5521773271727954,100.0,3.540510404552315
high_resolution_le_2.5A,absolute_3,pair_equal,178D_site4,178D,AT_pair,99,16,"[5.111, 84.342, 20.468]",49.791536106434414,49.07395017174665,49.04721233327698,100.0,3.46190158695758,100.0,3.5521773271727954,100.0,3.540510404552315
high_resolution_le_2.5A,absolute_3,pair_equal,178D_site9,178D,AT_pair,99,16,"[4.428, 83.556, 18.588]",46.0162092580156,45.662778391052576,45.32967217886908,100.0,3.46190158695758,100.0,3.5521773271727954,100.0,3.540510404552315
high_resolution_le_2.5A,absolute_3,pair_equal,183D_primary,183D,GC_pair,109,16,"[0.125, 3.93, 6.679]",1.0519716365952014,1.2117682354102226,1.0817301459392585,21.100917431192666,3.7391902721207426,33.94495412844038,5.292122117869754,22.018348623853218,3.6560960527995645
altloc_endpoint_excluded,absolute_3,pair_equal,111D_site4,111D,AT_pair,105,18,"[4.094, 91.983, 16.632]",42.74139526361205,45.67014273390481,40.1108400759465,100.0,3.7604895150961215,100.0,4.025825800616998,100.0,3.7799420502466696
altloc_endpoint_excluded,absolute_3,pair_equal,111D_site9,111D,AT_pair,105,18,"[3.869, 85.499, 20.675]",39.88591528319193,42.59381188077425,37.34815599049526,100.0,3.7604895150961215,100.0,4.025825800616998,100.0,3.7799420502466696
altloc_endpoint_excluded,absolute_3,pair_equal,178D_site4,178D,AT_pair,105,18,"[5.111, 84.342, 20.468]",45.69716781375925,47.98154521101411,42.809106823681645,100.0,3.7604895150961215,100.0,4.025825800616998,100.0,3.7799420502466696
altloc_endpoint_excluded,absolute_3,pair_equal,178D_site9,178D,AT_pair,105,18,"[4.428, 83.556, 18.588]",41.99631866315129,44.446964981350774,39.331542270229114,100.0,3.7604895150961215,100.0,4.025825800616998,100.0,3.7799420502466696
altloc_endpoint_excluded,absolute_3,pair_equal,183D_primary,183D,GC_pair,125,18,"[0.125, 3.93, 6.679]",0.9177458162557309,1.0764433230131019,0.8204795481806458,13.599999999999996,3.576538019455164,27.999999999999993,6.69283903479512,11.2,3.7757570204179927
pair_equal,signed_6,pair_equal,111D_site4,111D,AT_pair,105,18,"[-0.235, -4.094, -0.087, 3.533, 16.632, 91.983]",32.649183741483206,35.21027076865386,35.55029866481933,100.0,5.1026655606062965,100.0,7.329337095843569,100.0,4.915634016168093
pair_equal,signed_6,pair_equal,111D_site9,111D,AT_pair,105,18,"[-0.546, -3.869, 0.057, 1.836, 20.675, 85.499]",30.882520286120922,33.34165056636218,33.80541824022505,100.0,5.1026655606062965,100.0,7.329337095843569,100.0,4.915634016168093
pair_equal,signed_6,pair_equal,178D_site4,178D,AT_pair,105,18,"[0.766, -5.111, 0.026, 0.315, 20.468, 84.342]",36.91790523326159,40.176106829629994,40.26939017237625,100.0,5.1026655606062965,100.0,7.329337095843569,100.0,4.915634016168093
pair_equal,signed_6,pair_equal,178D_site9,178D,AT_pair,105,18,"[0.086, -4.428, -0.188, 2.612, 18.588, 83.556]",33.19032416246623,35.925677457089755,36.227027867408445,100.0,5.1026655606062965,100.0,7.329337095843569,100.0,4.915634016168093
pair_equal,signed_6,pair_equal,183D_primary,183D,GC_pair,125,18,"[-0.014, -0.125, 0.467, 2.462, -6.679, -3.93]",1.3704343562707066,2.2457058971392807,1.3136802723002632,19.199999999999992,5.16481748837103,39.19999999999999,7.7192999153338295,10.399999999999999,4.345300691334244
structure_equal,signed_6,structure_equal,111D_site4,111D,AT_pair,105,18,"[-0.235, -4.094, -0.087, 3.533, 16.632, 91.983]",27.89366786088492,37.761374726838426,31.8423169500061,100.0,6.354145105374611,100.0,9.257230433743063,100.0,4.881585750673454
structure_equal,signed_6,structure_equal,111D_site9,111D,AT_pair,105,18,"[-0.546, -3.869, 0.057, 1.836, 20.675, 85.499]",26.521262518916394,35.702633352792354,30.781331307275824,100.0,6.354145105374611,100.0,9.257230433743063,100.0,4.881585750673454
structure_equal,signed_6,structure_equal,178D_site4,178D,AT_pair,105,18,"[0.766, -5.111, 0.026, 0.315, 20.468, 84.342]",31.289275166836152,42.39759423472898,36.23609732680496,100.0,6.354145105374611,100.0,9.257230433743063,100.0,4.881585750673454
structure_equal,signed_6,structure_equal,178D_site9,178D,AT_pair,105,18,"[0.086, -4.428, -0.188, 2.612, 18.588, 83.556]",28.25684570270018,38.17040788784521,32.44733895757764,100.0,6.354145105374611,100.0,9.257230433743063,100.0,4.881585750673454
structure_equal,signed_6,structure_equal,183D_primary,183D,GC_pair,125,18,"[-0.014, -0.125, 0.467, 2.462, -6.679, -3.93]",1.3623782589057551,2.267027576844182,1.3292263391220511,14.814814814814813,5.279691018686245,42.37654320987653,7.7100743632056155,11.419753086419753,5.365542410739061
pair_equal,absolute_6,pair_equal,111D_site4,111D,AT_pair,105,18,"[0.235, 4.094, 0.087, 3.533, 16.632, 91.983]",42.74790142607349,45.6790597233841,43.997629195655115,100.0,4.968616951884385,100.0,8.839026010019966,100.0,5.104770307188693
pair_equal,absolute_6,pair_equal,111D_site9,111D,AT_pair,105,18,"[0.546, 3.869, 0.057, 1.836, 20.675, 85.499]",39.927980334573625,42.724512900100514,40.80601513539049,100.0,4.968616951884385,100.0,8.839026010019966,100.0,5.104770307188693
pair_equal,absolute_6,pair_equal,178D_site4,178D,AT_pair,105,18,"[0.766, 5.111, 0.026, 0.315, 20.468, 84.342]",45.78456993662747,48.25514603911758,47.01009341967195,100.0,4.968616951884385,100.0,8.839026010019966,100.0,5.104770307188693
pair_equal,absolute_6,pair_equal,178D_site9,178D,AT_pair,105,18,"[0.086, 4.428, 0.188, 2.612, 18.588, 83.556]",42.00405237658036,44.451829030223955,43.41859302356218,100.0,4.968616951884385,100.0,8.839026010019966,100.0,5.104770307188693
pair_equal,absolute_6,pair_equal,183D_primary,183D,GC_pair,125,18,"[0.014, 0.125, 0.467, 2.462, 6.679, 3.93]",2.1542207530697417,3.0633022569617006,2.1813432926991183,62.399999999999984,5.267918420477151,74.39999999999999,8.704744559443329,59.19999999999998,4.354390775690889
structure_equal,absolute_6,structure_equal,111D_site4,111D,AT_pair,105,18,"[0.235, 4.094, 0.087, 3.533, 16.632, 91.983]",37.9576210202024,45.28347985657996,41.273278892068895,100.0,7.113379729105437,100.0,11.226458785442853,100.0,4.7613086767190556
structure_equal,absolute_6,structure_equal,111D_site9,111D,AT_pair,105,18,"[0.546, 3.869, 0.057, 1.836, 20.675, 85.499]",35.462784082860146,42.366335295250956,38.302447492994794,100.0,7.113379729105437,100.0,11.226458785442853,100.0,4.7613086767190556
structure_equal,absolute_6,structure_equal,178D_site4,178D,AT_pair,105,18,"[0.766, 5.111, 0.026, 0.315, 20.468, 84.342]",40.84809058762781,48.41886908797456,44.11949171842884,100.0,7.113379729105437,100.0,11.226458785442853,100.0,4.7613086767190556
structure_equal,absolute_6,structure_equal,178D_site9,178D,AT_pair,105,18,"[0.086, 4.428, 0.188, 2.612, 18.588, 83.556]",37.389252027793134,44.39158762961667,40.66724059622227,100.0,7.113379729105437,100.0,11.226458785442853,100.0,4.7613086767190556
structure_equal,absolute_6,structure_equal,183D_primary,183D,GC_pair,125,18,"[0.014, 0.125, 0.467, 2.462, 6.679, 3.93]",2.1307657582850945,3.1271718759177003,2.295392062386844,63.518518518518505,5.548234886659771,74.15123456790123,9.072529820466364,64.96913580246913,4.540387330453913
