site,feature,raw_difference_178D_minus_111D,reference_sd,standardized_direct_difference,direct_D_squared_contribution,share_of_direct_D_squared_pct
4,shear,1.001,0.3081697426630984,3.2482098707994416,10.550867364758926,19.2168303384849
4,stretch,-1.0169999999999995,0.16016161880798452,-6.349835919298907,40.32041620201859,73.43762086511576
4,stagger,0.11299999999999999,0.26939608114224406,0.4194567327070165,0.1759439506132455,0.32045564891761474
4,buckle,-3.218,6.412694320642455,-0.5018171519015435,0.2518204539425768,0.4586533762464105
4,propeller,3.8359999999999985,5.121427338712742,0.7490099431859103,0.5610158949913606,1.0218067291085284
4,opening,-7.641000000000005,4.379359436973075,-1.7447757166242812,3.044242301321774,5.5446330421267715
9,shear,0.632,0.3081697426630984,2.0508178205247223,4.205853732981772,23.907556618742763
9,stretch,-0.5589999999999997,0.16016161880798452,-3.4902244630168036,12.181666802240935,69.2448923036517
9,stagger,-0.245,0.26939608114224406,-0.909441588612558,0.8270840030981331,4.701437303314497
9,buckle,0.776,6.412694320642455,0.12100997820870035,0.014643414826070135,0.08323833667839209
9,propeller,-2.0869999999999997,5.121427338712742,-0.4075035848355045,0.1660591716537872,0.9439389242763396
9,opening,-1.9429999999999978,4.379359436973075,-0.44367219178130773,0.1968450137600295,1.1189365133363043
