site,omitted_feature,D_111D,D_178D,delta_D_178D_minus_111D
4,shear,32.636163484730226,36.844542923035426,4.208379438305201
4,stretch,21.60236533848192,20.307802366529923,-1.294562971951997
4,stagger,32.64496215194324,36.91775431134826,4.2727921594050216
4,buckle,32.64864997221493,36.916560282286945,4.267910310072011
4,propeller,32.008715280338194,36.21214383454572,4.203428554207527
4,opening,25.335328829494195,31.743646393134355,6.408317563640161
9,shear,30.822081308748007,33.190108451596814,2.368027142848806
9,stretch,20.52394023994588,19.89567179816364,-0.6282684417822395
9,stagger,30.882518821919945,33.17812141755756,2.295602595637618
9,buckle,30.882421937248058,33.19029621612456,2.3078742788765005
9,propeller,30.025577661063597,32.48268629075497,2.4571086296913727
9,opening,24.257539231348016,27.441913605706556,3.1843743743585406
