block,target_role,feature,raw_value,reference_mean,reference_sd,z_score,squared_z_contribution,share_of_D_squared_pct
signed_6_complete,111D_site4,oriented_shear_A,-0.235,0.04912380952380953,0.3081697426630984,-0.921971790833545,0.850031983092814,0.07974264020968871
signed_6_complete,111D_site4,oriented_stretch_A,-4.094,-0.17312380952380949,0.16016161880798452,-24.480747757531553,599.3070107678861,56.221794338754215
signed_6_complete,111D_site4,oriented_stagger_A,-0.087,0.05443809523809524,0.26939608114224406,-0.5250191266272146,0.27564508332440324,0.025858634901161724
signed_6_complete,111D_site4,oriented_buckle_deg,3.533,2.3358,6.412694320642455,0.18669219833950523,0.03485397692083716,0.003269698313424094
signed_6_complete,111D_site4,oriented_propeller_deg,16.632,-16.32522857142857,5.121427338712742,6.435164728845355,41.41134508737531,3.8848538144255462
signed_6_complete,111D_site4,oriented_opening_deg,91.983,1.7968666666666666,4.379359436973075,20.593453136531807,424.0903120865317,39.784480873395964
signed_6_complete,178D_site4,oriented_shear_A,0.766,0.04912380952380953,0.3081697426630984,2.3262380799658966,5.411383604683421,0.3970399615937274
signed_6_complete,178D_site4,oriented_stretch_A,-5.111,-0.17312380952380949,0.16016161880798452,-30.830583676830464,950.5248898540451,69.74119621364574
signed_6_complete,178D_site4,oriented_stagger_A,0.026,0.05443809523809524,0.26939608114224406,-0.10556239392019817,0.011143419010163092,0.0008176065455771365
signed_6_complete,178D_site4,oriented_buckle_deg,0.315,2.3358,6.412694320642455,-0.31512495356203823,0.09930373635747676,0.007286038941198441
signed_6_complete,178D_site4,oriented_propeller_deg,20.468,-16.32522857142857,5.121427338712742,7.184174672031266,51.612365718255546,3.786863619278832
signed_6_complete,178D_site4,oriented_opening_deg,84.342,1.7968666666666666,4.379359436973075,18.848677419907524,355.27264047973176,26.066796559994938
signed_6_complete,111D_site9,oriented_shear_A,-0.546,0.04912380952380953,0.3081697426630984,-1.9311558765664387,3.7293630195970904,0.3910291998803808
signed_6_complete,111D_site9,oriented_stretch_A,-3.869,-0.17312380952380949,0.16016161880798452,-23.07591680193445,532.4979362498007,55.833192117674116
signed_6_complete,111D_site9,oriented_stagger_A,0.057,0.05443809523809524,0.26939608114224406,0.009509807087921415,9.043643084948039e-05,9.4823928400862e-06
signed_6_complete,111D_site9,oriented_buckle_deg,1.836,2.3358,6.412694320642455,-0.0779391586452428,0.006074512450328325,0.000636921568276804
signed_6_complete,111D_site9,oriented_propeller_deg,20.675,-16.32522857142857,5.121427338712742,7.224593091801726,52.19474534210922,5.47269584694123
signed_6_complete,111D_site9,oriented_opening_deg,85.499,1.7968666666666666,4.379359436973075,19.112871308683115,365.3018496622822,38.30243643154316
signed_6_complete,178D_site9,oriented_shear_A,0.086,0.04912380952380953,0.3081697426630984,0.11966194395828395,0.014318980831875487,0.0012998376719212217
signed_6_complete,178D_site9,oriented_stretch_A,-4.428,-0.17312380952380949,0.16016161880798452,-26.566141264951256,705.759861709346,64.06693788831359
signed_6_complete,178D_site9,oriented_stagger_A,-0.188,0.05443809523809524,0.26939608114224406,-0.8999317815246365,0.8098772113981061,0.0735184243463983
signed_6_complete,178D_site9,oriented_buckle_deg,2.612,2.3358,6.412694320642455,0.04307081956345756,0.0018550954978679185,0.0001684004637936471
signed_6_complete,178D_site9,oriented_propeller_deg,18.588,-16.32522857142857,5.121427338712742,6.817089506966222,46.47270934598897,4.2186646545185615
signed_6_complete,178D_site9,oriented_opening_deg,83.556,1.7968666666666666,4.379359436973075,18.669199116901808,348.5389956665272,31.639410794685748
signed_6_complete,183D_primary,oriented_shear_A,-0.014,-0.17929599999999998,0.38750871007900806,0.426560734509163,0.18195406022499663,9.688248633079423
signed_6_complete,183D_primary,oriented_stretch_A,-0.125,-0.213288,0.18481838583305363,0.4777013910280037,0.22819861899008967,12.150566773654358
signed_6_complete,183D_primary,oriented_stagger_A,0.467,0.1522,0.27378706112362156,1.149798674590616,1.322036992090337,70.39262034417662
signed_6_complete,183D_primary,oriented_buckle_deg,2.462,2.1123519999999996,8.549648490469105,0.04089618425713968,0.0016724978867939193,0.08905311233793167
signed_6_complete,183D_primary,oriented_propeller_deg,-6.679,-8.660632000000001,8.447784525882623,0.23457416485098626,0.05502503881553768,2.929839853150685
signed_6_complete,183D_primary,oriented_opening_deg,-3.93,-2.5714479999999997,4.548689072859166,-0.29866890839079846,0.08920311683935116,4.74967128360097
absolute_6_sensitivity,111D_site4,abs_shear_A,0.235,0.20845714285714287,0.23137141422112048,0.11471969098779958,0.013160607500336223,0.0007201887590391512
absolute_6_sensitivity,111D_site4,abs_stretch_A,4.094,0.18750476190476192,0.14288350040730627,27.340422280804383,747.4986904927047,40.90541825486233
absolute_6_sensitivity,111D_site4,abs_stagger_A,0.087,0.20245714285714284,0.1848870772084445,-0.624473838844749,0.3899675754014976,0.021340220364959302
absolute_6_sensitivity,111D_site4,abs_buckle_deg,3.533,5.236180952380952,4.353142498376565,-0.3912532045565074,0.15307907007573623,0.00837695566180324
absolute_6_sensitivity,111D_site4,abs_propeller_deg,16.632,16.32522857142857,5.121427338712742,0.059899596007650574,0.0035879616018797485,0.0001963442503297728
absolute_6_sensitivity,111D_site4,abs_opening_deg,91.983,3.8862190476190475,2.6815382962488314,32.853075816824386,1079.3245906260113,59.06394803610154
absolute_6_sensitivity,178D_site4,abs_shear_A,0.766,0.20845714285714287,0.23137141422112048,2.409730947186139,5.806803237826607,0.27701215894960757
absolute_6_sensitivity,178D_site4,abs_stretch_A,5.111,0.18750476190476192,0.14288350040730627,34.45810904730241,1187.361279115784,56.642785696340894
absolute_6_sensitivity,178D_site4,abs_stagger_A,0.026,0.20245714285714284,0.1848870772084445,-0.9544049563734646,0.9108888207502348,0.04345373322715282
absolute_6_sensitivity,178D_site4,abs_buckle_deg,0.315,5.236180952380952,4.353142498376565,-1.130489285433736,1.2780060244804792,0.0609669715835675
absolute_6_sensitivity,178D_site4,abs_propeller_deg,20.468,16.32522857142857,5.121427338712742,0.8089095391935608,0.6543346425983388,0.031214877549308503
absolute_6_sensitivity,178D_site4,abs_opening_deg,84.342,3.8862190476190475,2.6815382962488314,30.003591992301388,900.215532440492,42.94456656234947
absolute_6_sensitivity,111D_site9,abs_shear_A,0.546,0.20845714285714287,0.23137141422112048,1.4588788259740209,2.1283274288753375,0.13350076554936602
absolute_6_sensitivity,111D_site9,abs_stretch_A,3.869,0.18750476190476192,0.14288350040730627,25.765712819189773,663.8719570809602,41.64181379925035
absolute_6_sensitivity,111D_site9,abs_stagger_A,0.057,0.20245714285714284,0.1848870772084445,-0.7867350441867402,0.6189520297515121,0.03882418122752143
absolute_6_sensitivity,111D_site9,abs_buckle_deg,1.836,5.236180952380952,4.353142498376565,-0.7810865262621186,0.6100961615082233,0.03826869095189776
absolute_6_sensitivity,111D_site9,abs_propeller_deg,20.675,16.32522857142857,5.121427338712742,0.8493279589640207,0.7213579818779892,0.04524766326332861
absolute_6_sensitivity,111D_site9,abs_opening_deg,85.499,3.8862190476190475,2.6815382962488314,30.435060750968198,926.2929229151249,58.10234489975755
absolute_6_sensitivity,178D_site9,abs_shear_A,0.086,0.20845714285714287,0.23137141422112048,-0.5292665183785894,0.2801230474765937,0.015876927430082736
absolute_6_sensitivity,178D_site9,abs_stretch_A,4.428,0.18750476190476192,0.14288350040730627,29.67799099271229,880.7831493635117,49.9213837278158
absolute_6_sensitivity,178D_site9,abs_stagger_A,0.188,0.20245714285714284,0.1848870772084445,-0.07819444752671184,0.006114371624007691,0.0003465528289422125
absolute_6_sensitivity,178D_site9,abs_buckle_deg,2.612,5.236180952380952,4.353142498376565,-0.6028245005440548,0.36339737845618914,0.020596783656344163
absolute_6_sensitivity,178D_site9,abs_propeller_deg,18.588,16.32522857142857,5.121427338712742,0.4418243741285162,0.19520877757405508,0.011064122081984006
absolute_6_sensitivity,178D_site9,abs_opening_deg,83.556,3.8862190476190475,2.6815382962488314,29.710476655817278,882.7124231158634,50.03073188618685
absolute_6_sensitivity,183D_primary,abs_shear_A,0.014,0.33768,0.2600421988087516,-1.2447210548240706,1.5493305043223469,33.38594401715021
absolute_6_sensitivity,183D_primary,abs_stretch_A,0.125,0.2322,0.16020244249275714,-0.6691533433071507,0.4477661968591375,9.648746435577298
absolute_6_sensitivity,183D_primary,abs_stagger_A,0.467,0.219272,0.2232555810088807,1.1096161577709713,1.2312480175864131,26.53170338522861
absolute_6_sensitivity,183D_primary,abs_buckle_deg,2.462,7.33616,4.831276715320703,-1.0088761806052855,1.0178311477927087,21.93286301684351
absolute_6_sensitivity,183D_primary,abs_propeller_deg,6.679,10.447272000000002,6.078717275523014,-0.619912364599286,0.3842913397830781,8.280950462461272
absolute_6_sensitivity,183D_primary,abs_opening_deg,3.93,3.5427280000000003,3.834593024996895,0.10099429000038757,0.010199846612682384,0.2197926827391012
absolute_3_focused,111D_site4,abs_stretch_A,4.094,0.18750476190476192,0.14288350040730627,27.340422280804383,747.4986904927047,40.917872577001184
absolute_3_focused,111D_site4,abs_opening_deg,91.983,3.8862190476190475,2.6815382962488314,32.853075816824386,1079.3245906260113,59.081931018968284
absolute_3_focused,111D_site4,abs_propeller_deg,16.632,16.32522857142857,5.121427338712742,0.059899596007650574,0.0035879616018797485,0.00019640403054100257
absolute_3_focused,178D_site4,abs_stretch_A,5.111,0.18750476190476192,0.14288350040730627,34.45810904730241,1187.361279115784,56.85966715308751
absolute_3_focused,178D_site4,abs_opening_deg,84.342,3.8862190476190475,2.6815382962488314,30.003591992301388,900.215532440492,43.10899844967446
absolute_3_focused,178D_site4,abs_propeller_deg,20.468,16.32522857142857,5.121427338712742,0.8089095391935608,0.6543346425983388,0.031334397238035584
absolute_3_focused,111D_site9,abs_stretch_A,3.869,0.18750476190476192,0.14288350040730627,25.765712819189773,663.8719570809602,41.72969387960449
absolute_3_focused,111D_site9,abs_opening_deg,85.499,3.8862190476190475,2.6815382962488314,30.435060750968198,926.2929229151249,58.224962967336694
absolute_3_focused,111D_site9,abs_propeller_deg,20.675,16.32522857142857,5.121427338712742,0.8493279589640207,0.7213579818779892,0.045343153058816095
absolute_3_focused,178D_site9,abs_stretch_A,4.428,0.18750476190476192,0.14288350040730627,29.67799099271229,880.7831493635117,49.93977168354842
absolute_3_focused,178D_site9,abs_opening_deg,83.556,3.8862190476190475,2.6815382962488314,29.710476655817278,882.7124231158634,50.049160119030105
absolute_3_focused,178D_site9,abs_propeller_deg,18.588,16.32522857142857,5.121427338712742,0.4418243741285162,0.19520877757405508,0.011068197421485272
absolute_3_focused,183D_primary,abs_stretch_A,0.125,0.2322,0.16020244249275714,-0.6691533433071507,0.4477661968591375,53.16263244006815
absolute_3_focused,183D_primary,abs_opening_deg,3.93,3.5427280000000003,3.834593024996895,0.10099429000038757,0.010199846612682384,1.2110130246962212
absolute_3_focused,183D_primary,abs_propeller_deg,6.679,10.447272000000002,6.078717275523014,-0.619912364599286,0.3842913397830781,45.626354535235635
