target_role,check_type,metric,atom1,atom2,dssr_reported_A,coordinate_recalculated_A,absolute_difference_A,within_rounding_tolerance_0_002A,within_rounding_tolerance_0_01A
111D_site4,pair_anchor_distance,C1C1_dist,C1',C1',11.006,11.006224693326953,0.00022469332695251865,True,
111D_site4,pair_anchor_distance,N1N9_dist,N9,N9,8.941,8.9413089645756,0.00030896457559848045,True,
111D_site4,pair_anchor_distance,C6C8_dist,C8,C8,8.292,8.292053243919746,5.3243919746037704e-05,True,
111D_site4,reported_base_contact,DSSR_hbond_or_contact,N6,O6,2.51,2.505156881315019,0.004843118684980663,,True
111D_site4,reported_base_contact,DSSR_hbond_or_contact,N1,N7,2.87,2.870321758967104,0.00032175896710384677,,True
178D_site4,pair_anchor_distance,C1C1_dist,C1',C1',10.54,10.539537466131994,0.00046253386800465535,True,
178D_site4,pair_anchor_distance,N1N9_dist,N9,N9,8.582,8.582005243531373,5.243531372656207e-06,True,
178D_site4,pair_anchor_distance,C6C8_dist,C8,C8,7.645,7.64461549065746,0.00038450934253919655,True,
178D_site4,reported_base_contact,DSSR_hbond_or_contact,N6,O6,3.06,3.064529490802789,0.00452949080278886,,True
178D_site4,reported_base_contact,DSSR_hbond_or_contact,N1,N7,2.7,2.7009074401023074,0.0009074401023072554,,True
111D_site9,pair_anchor_distance,C1C1_dist,C1',C1',10.607,10.606950268573906,4.973142609365766e-05,True,
111D_site9,pair_anchor_distance,N1N9_dist,N9,N9,8.672,8.6717205905172,0.0002794094828004745,True,
111D_site9,pair_anchor_distance,C6C8_dist,C8,C8,8.076,8.076003528973969,3.528973968158766e-06,True,
111D_site9,reported_base_contact,DSSR_hbond_or_contact,N7,N1,2.77,2.768583753473967,0.0014162465260332269,,True
111D_site9,reported_base_contact,DSSR_hbond_or_contact,O6,N6,2.61,2.6086778260260504,0.0013221739739495142,,True
178D_site9,pair_anchor_distance,C1C1_dist,C1',C1',10.402,10.401664097633608,0.0003359023663911387,True,
178D_site9,pair_anchor_distance,N1N9_dist,N9,N9,8.48,8.480067216714735,6.721671473464141e-05,True,
178D_site9,pair_anchor_distance,C6C8_dist,C8,C8,7.743,7.742818931112881,0.00018106888711955094,True,
178D_site9,reported_base_contact,DSSR_hbond_or_contact,N7,N1,2.48,2.4771011283352977,0.0028988716647022628,,True
178D_site9,reported_base_contact,DSSR_hbond_or_contact,O6,N6,2.67,2.669738751263877,0.0002612487361228766,,True
183D_primary,pair_anchor_distance,C1C1_dist,C1',C1',10.756,10.755980383024134,1.9616975865943687e-05,True,
183D_primary,pair_anchor_distance,N1N9_dist,N9,N1,9.041,9.040835802070514,0.00016419792948596523,True,
183D_primary,pair_anchor_distance,C6C8_dist,C8,C6,9.937,9.93746426408669,0.0004642640866912018,True,
183D_primary,reported_base_contact,DSSR_hbond_or_contact,O6,N4,2.84,2.8393087186848844,0.0006912813151154218,,True
183D_primary,reported_base_contact,DSSR_hbond_or_contact,N1,N3,2.95,2.945939239020384,0.0040607609796161626,,True
183D_primary,reported_base_contact,DSSR_hbond_or_contact,N2,O2,2.83,2.826506324068637,0.0034936759313630716,,True
