block,target_role,pair_group,n_reference_pairs,D_diagonal,empirical_percentile,reference_p97_5
signed_6_complete,111D_site4,AT_pair,105,32.649183741483206,100.0,4.740227406222773
signed_6_complete,178D_site4,AT_pair,105,36.91790523326159,100.0,4.740227406222773
signed_6_complete,111D_site9,AT_pair,105,30.882520286120926,100.0,4.740227406222773
signed_6_complete,178D_site9,AT_pair,105,33.19032416246623,100.0,4.740227406222773
signed_6_complete,183D_primary,GC_pair,125,1.3704343562707066,19.2,5.149685910316014
absolute_6_sensitivity,111D_site4,AT_pair,105,42.74790142607348,100.0,4.763609876587057
absolute_6_sensitivity,178D_site4,AT_pair,105,45.78456993662747,100.0,4.763609876587057
absolute_6_sensitivity,111D_site9,AT_pair,105,39.927980334573625,100.0,4.763609876587057
absolute_6_sensitivity,178D_site9,AT_pair,105,42.00405237658036,100.0,4.763609876587057
absolute_6_sensitivity,183D_primary,GC_pair,125,2.154220753069742,62.4,5.199591805695865
absolute_3_focused,111D_site4,AT_pair,105,42.74139526361204,100.0,3.622905899743281
absolute_3_focused,178D_site4,AT_pair,105,45.69716781375925,100.0,3.622905899743281
absolute_3_focused,111D_site9,AT_pair,105,39.88591528319193,100.0,3.622905899743281
absolute_3_focused,178D_site9,AT_pair,105,41.996318663151285,100.0,3.622905899743281
absolute_3_focused,183D_primary,GC_pair,125,0.917745816255731,13.600000000000001,3.571409448536717
