block,site,omitted_feature,D_111D,D_178D,delta_D_178D_minus_111D,radial_relative_increase_pct
signed_6_complete,4,oriented_shear_A,32.636163484730226,36.844542923035426,4.208379438305201,12.894835020281148
signed_6_complete,4,oriented_stretch_A,21.60236533848192,20.307802366529923,-1.294562971951997,-5.9926908543014745
signed_6_complete,4,oriented_stagger_A,32.64496215194324,36.91775431134826,4.2727921594050216,13.088672425220382
signed_6_complete,4,oriented_buckle_deg,32.64864997221493,36.916560282286945,4.267910310072011,13.072241313818921
signed_6_complete,4,oriented_propeller_deg,32.008715280338194,36.21214383454572,4.203428554207527,13.132137661237353
signed_6_complete,4,oriented_opening_deg,25.335328829494195,31.743646393134355,6.408317563640161,25.293997985058315
signed_6_complete,9,oriented_shear_A,30.822081308748007,33.190108451596814,2.368027142848806,7.682891752597865
signed_6_complete,9,oriented_stretch_A,20.52394023994588,19.89567179816364,-0.6282684417822395,-3.061149245403849
signed_6_complete,9,oriented_stagger_A,30.882518821919945,33.17812141755756,2.295602595637618,7.433339906226277
signed_6_complete,9,oriented_buckle_deg,30.882421937248058,33.19029621612456,2.3078742788765005,7.473100016462486
signed_6_complete,9,oriented_propeller_deg,30.025577661063597,32.48268629075497,2.4571086296913727,8.183385037343305
signed_6_complete,9,oriented_opening_deg,24.257539231348016,27.441913605706556,3.1843743743585406,13.127359473640986
absolute_6_sensitivity,4,abs_shear_A,42.74774749300593,45.72111154646292,2.97336405345699,6.955604044267982
absolute_6_sensitivity,4,abs_stretch_A,32.86159438981302,30.147397319937053,-2.7141970698759685,-8.259480771624883
absolute_6_sensitivity,4,abs_stagger_A,42.743339934519554,45.77462130330716,3.031281368787603,7.091821494135364
absolute_6_sensitivity,4,abs_buckle_deg,42.74611090220044,45.77061107585796,3.024500173657515,7.075497886994486
absolute_6_sensitivity,4,abs_propeller_deg,42.74785945952959,45.77742358018124,3.0295641206516493,7.087054554204775
absolute_6_sensitivity,4,abs_opening_deg,27.350657866078542,34.583396476364776,7.232738610286233,26.444477663758814
absolute_6_sensitivity,9,abs_shear_A,39.90131935374096,42.00071776775999,2.099398414019028,5.261476181794977
absolute_6_sensitivity,9,abs_stretch_A,30.50199430393262,29.72469119588956,-0.7773031080430606,-2.5483681502846633
absolute_6_sensitivity,9,abs_stagger_A,39.920228726403195,42.00397959340141,2.0837508669982157,5.219786893705902
absolute_6_sensitivity,9,abs_buckle_deg,39.920339645807,41.99972641191904,2.0793867661120444,5.208840366994361
absolute_6_sensitivity,9,abs_propeller_deg,39.91894607346517,42.00172862248567,2.0827825490205,5.217528902660495
absolute_6_sensitivity,9,abs_opening_deg,25.844742031658456,29.692221084631623,3.847479052973167,14.886892847528554
