block,weighting,omitted_family,site,delta_D_diagonal_178D_minus_111D,delta_D_robust_178D_minus_111D,delta_D_mahalanobis_178D_minus_111D
signed_6_primary,family_A_equal,119D,4,2.821432532804007,4.022381130001122,4.047935933693239
signed_6_primary,family_A_equal,119D,9,1.4227427296153827,2.0943745819193005,1.5298898603273763
signed_6_primary,family_A_equal,158D,4,2.665284037942101,3.6807027105194905,3.5753601131150283
signed_6_primary,family_A_equal,158D,9,1.3337375544134318,1.869368785509355,1.303671578472585
signed_6_primary,family_A_equal,167D,4,2.630564445442907,3.608269933962333,3.584257920787003
signed_6_primary,family_A_equal,167D,9,1.3538277959063905,1.835085064264046,1.324530269065697
signed_6_primary,family_A_equal,1D29,4,2.7871244237430624,3.9168344800499924,4.101375031000419
signed_6_primary,family_A_equal,1D29,9,1.445086194902295,2.0673224753242856,1.5561730050001472
signed_6_primary,family_A_equal,1D49,4,2.5939700796094236,3.218142277587276,3.58380502626483
signed_6_primary,family_A_equal,1D49,9,1.3347232401643367,1.636507989964798,1.340344725048329
signed_6_primary,family_A_equal,1D65,4,2.615352825345685,2.8837043813437546,3.821030848536278
signed_6_primary,family_A_equal,1D65,9,1.3456935772094951,1.447495736371046,1.3412048614277516
signed_6_primary,family_A_equal,1D89,4,2.623295602444003,3.4352851254253096,3.5169977628622497
signed_6_primary,family_A_equal,1D89,9,1.3138407981921958,1.7203161031520722,1.234778673920239
signed_6_primary,family_A_equal,1D98,4,2.7167836329264325,4.267779403436489,3.375423734913781
signed_6_primary,family_A_equal,1D98,9,1.3532872251336165,2.140383051936194,1.067907155505626
signed_6_primary,family_A_equal,1DN9,4,2.644827170071153,3.919088460972091,4.05715646790641
signed_6_primary,family_A_equal,1DN9,9,1.3441198127059373,1.9941921221940646,1.3383405038296026
signed_6_primary,family_A_equal,3BSE,4,2.660711206448763,3.617722072856388,3.693816616880735
signed_6_primary,family_A_equal,3BSE,9,1.3559349109513263,1.8350046975806507,1.373327791262195
signed_6_primary,family_A_equal,3IXN,4,4.528409520500084,4.142836689409723,4.426247532343176
signed_6_primary,family_A_equal,3IXN,9,2.504160391390023,2.075752145935521,2.7420723313018627
signed_6_primary,family_A_equal,DDD_exact_sequence,4,2.548748294775258,3.034917112669479,3.515870708411498
signed_6_primary,family_A_equal,DDD_exact_sequence,9,1.3157076505877825,1.5612571600183394,1.316349859413112
signed_6_primary,family_A_equal,calcium_series_476D_477D,4,2.564467736469954,2.725324180776841,3.5521376773800277
signed_6_primary,family_A_equal,calcium_series_476D_477D,9,1.327775840420685,1.4123833243212367,1.3236124730319077
signed_6_primary,family_B_conservative_DDD_equal,119D,4,2.6367900209771022,3.480812578199874,3.8564635093372814
signed_6_primary,family_B_conservative_DDD_equal,119D,9,1.3362536796973927,1.8359983553218804,1.454467028585757
signed_6_primary,family_B_conservative_DDD_equal,158D,4,2.494225387549829,3.528579696545414,3.4054121504430874
signed_6_primary,family_B_conservative_DDD_equal,158D,9,1.2550584939038885,1.731091398114252,1.2340627769426646
signed_6_primary,family_B_conservative_DDD_equal,167D,4,2.4516880878079874,3.462039874400979,3.40102500159389
signed_6_primary,family_B_conservative_DDD_equal,167D,9,1.2708386698207441,1.7835261488655725,1.2501870971341553
signed_6_primary,family_B_conservative_DDD_equal,1D29,4,2.5957171850533776,3.631241801823279,3.9183260098280392
signed_6_primary,family_B_conservative_DDD_equal,1D29,9,1.3562428807891713,1.9054663770052827,1.4799698075810817
signed_6_primary,family_B_conservative_DDD_equal,1D49,4,2.412591291892415,2.9891906544550544,3.4068022619409177
signed_6_primary,family_B_conservative_DDD_equal,1D49,9,1.2519688697407432,1.482983656263869,1.2683460778516746
signed_6_primary,family_B_conservative_DDD_equal,1D65,4,2.4532243921825057,3.027496480878817,3.6952689402286936
signed_6_primary,family_B_conservative_DDD_equal,1D65,9,1.2703279926943445,1.5568521055011644,1.2829503407183047
signed_6_primary,family_B_conservative_DDD_equal,1D89,4,2.444739544799525,3.154882530108072,3.3519457474764067
signed_6_primary,family_B_conservative_DDD_equal,1D89,9,1.2316424446174565,1.608194528708001,1.170154968972792
signed_6_primary,family_B_conservative_DDD_equal,1D98,4,2.544645708833958,3.7024691555439624,3.2274106627924546
signed_6_primary,family_B_conservative_DDD_equal,1D98,9,1.2741116930121876,1.8874835478273582,1.0115486496147525
signed_6_primary,family_B_conservative_DDD_equal,1DN9,4,2.4424670500161163,3.8927261460917926,3.8552676253577403
signed_6_primary,family_B_conservative_DDD_equal,1DN9,9,1.2522072756362626,1.955398445429772,1.2582781436183268
signed_6_primary,family_B_conservative_DDD_equal,3BSE,4,2.4887390569937153,3.4478509931910217,3.5399303952174073
signed_6_primary,family_B_conservative_DDD_equal,3BSE,9,1.2769738483287938,1.7733500572118928,1.30741866975589
signed_6_primary,family_B_conservative_DDD_equal,3IXN,4,4.359694614368536,3.618874569079189,4.191634356709514
signed_6_primary,family_B_conservative_DDD_equal,3IXN,9,2.4237412128205094,1.8464840809319583,2.6163359324761117
signed_6_primary,family_B_conservative_DDD_equal,DDD_related,4,2.3651901083595384,2.8309922355980177,3.3496942981331017
signed_6_primary,family_B_conservative_DDD_equal,DDD_related,9,1.2340731468030626,1.4348701975594693,1.2458612803831137
absolute_6_sensitivity,family_A_equal,119D,4,2.7983570951532784,1.9736660144266551,2.1235244380059157
absolute_6_sensitivity,family_A_equal,119D,9,1.8383553732254967,1.4534459180218846,1.836227407184424
absolute_6_sensitivity,family_A_equal,158D,4,2.6461308533190646,1.3239096744133505,2.3582055822106796
absolute_6_sensitivity,family_A_equal,158D,9,1.765183663810646,1.0696837984516279,1.7021603013817383
absolute_6_sensitivity,family_A_equal,167D,4,2.588305140155164,1.695300580522165,1.8857499263287778
absolute_6_sensitivity,family_A_equal,167D,9,1.7225796957211728,1.2513754505414383,1.7365755164540175
absolute_6_sensitivity,family_A_equal,1D29,4,2.910115702828733,1.1448903708122558,2.520183106570272
absolute_6_sensitivity,family_A_equal,1D29,9,1.8915227809212354,1.0474482611233285,2.0964384414615154
absolute_6_sensitivity,family_A_equal,1D49,4,2.599926248701557,0.8649188757233333,1.7086388603634362
absolute_6_sensitivity,family_A_equal,1D49,9,1.7345663735516332,0.8922005169560023,1.589886977285616
absolute_6_sensitivity,family_A_equal,1D65,4,2.5868025866509328,1.1468113187461952,2.0348683928906013
absolute_6_sensitivity,family_A_equal,1D65,9,1.7330370236186212,0.983350774859872,1.6888129759349297
absolute_6_sensitivity,family_A_equal,1D89,4,2.4796485942849102,1.618332687804191,1.6193065518308316
absolute_6_sensitivity,family_A_equal,1D89,9,1.6716443846943392,1.2357497534838089,1.4651061738827522
absolute_6_sensitivity,family_A_equal,1D98,4,2.5283888318517356,2.1479757279095963,0.9828396218002524
absolute_6_sensitivity,family_A_equal,1D98,9,1.671077436322264,1.425743511554053,1.8422311692446058
absolute_6_sensitivity,family_A_equal,1DN9,4,2.484994969171211,2.3838043874012627,1.6237528732841895
absolute_6_sensitivity,family_A_equal,1DN9,9,1.6974839651137756,1.5209189331259267,2.040123127217271
absolute_6_sensitivity,family_A_equal,3BSE,4,2.7505899240644,1.534608893593898,2.256025909026249
absolute_6_sensitivity,family_A_equal,3BSE,9,1.8134852756295565,1.1919866331941265,1.7901971860819827
absolute_6_sensitivity,family_A_equal,3IXN,4,2.4148033619581923,0.8230797517550315,1.846124576419193
absolute_6_sensitivity,family_A_equal,3IXN,9,1.8227118692146007,0.9547253004139051,1.977550198430258
absolute_6_sensitivity,family_A_equal,DDD_exact_sequence,4,2.5750012716474657,0.6354674283289512,1.574647890351656
absolute_6_sensitivity,family_A_equal,DDD_exact_sequence,9,1.7225307635957847,0.8179170515054679,1.5517598360367302
absolute_6_sensitivity,family_A_equal,calcium_series_476D_477D,4,2.6508144892188383,0.943770805101714,1.7323595854834153
absolute_6_sensitivity,family_A_equal,calcium_series_476D_477D,9,1.7565904100704195,0.9405412476293975,1.6128915942290831
absolute_6_sensitivity,family_B_conservative_DDD_equal,119D,4,2.7715554583377866,0.49365134953360723,1.8428542938391388
absolute_6_sensitivity,family_B_conservative_DDD_equal,119D,9,1.8122400090142001,0.8239333328376688,1.6552190752772376
absolute_6_sensitivity,family_B_conservative_DDD_equal,158D,4,2.6800770552826307,1.2527005784921386,2.1811105873818377
absolute_6_sensitivity,family_B_conservative_DDD_equal,158D,9,1.7702819610348541,1.0424123842898254,1.570106729446323
absolute_6_sensitivity,family_B_conservative_DDD_equal,167D,4,2.5799343545786897,0.8098974198035549,1.6180388378199098
absolute_6_sensitivity,family_B_conservative_DDD_equal,167D,9,1.705659081303132,0.8072487525679577,1.571156873330338
absolute_6_sensitivity,family_B_conservative_DDD_equal,1D29,4,2.8996416946604384,0.7432335472269997,2.2538861710181877
absolute_6_sensitivity,family_B_conservative_DDD_equal,1D29,9,1.8738474160536036,0.8972056566917175,1.9274478442231597
absolute_6_sensitivity,family_B_conservative_DDD_equal,1D49,4,2.61702051656642,0.03568395978776806,1.4382812877090316
absolute_6_sensitivity,family_B_conservative_DDD_equal,1D49,9,1.7306046234986567,0.5837378026013624,1.4150175121814854
absolute_6_sensitivity,family_B_conservative_DDD_equal,1D65,4,2.612253580538514,1.1942916034453859,1.8349627911152524
absolute_6_sensitivity,family_B_conservative_DDD_equal,1D65,9,1.7334174848803627,1.0013607969181848,1.5498202480554895
absolute_6_sensitivity,family_B_conservative_DDD_equal,1D89,4,2.472111405509942,0.6345645709648693,1.3711735876237725
absolute_6_sensitivity,family_B_conservative_DDD_equal,1D89,9,1.6549356498087349,0.7820077662260729,1.3090035903858137
absolute_6_sensitivity,family_B_conservative_DDD_equal,1D98,4,2.5141048252642335,0.9733302535140211,0.7282616484333744
absolute_6_sensitivity,family_B_conservative_DDD_equal,1D98,9,1.6520651347925437,0.8957229941312619,1.682832376790543
absolute_6_sensitivity,family_B_conservative_DDD_equal,1DN9,4,2.4804135849431574,1.5459680921509076,1.2377716966096983
absolute_6_sensitivity,family_B_conservative_DDD_equal,1DN9,9,1.682767457053579,1.1387653868833496,1.806889741808952
absolute_6_sensitivity,family_B_conservative_DDD_equal,3BSE,4,2.7914615436848322,1.2553275085664168,2.0618453041814746
absolute_6_sensitivity,family_B_conservative_DDD_equal,3BSE,9,1.8221516938662674,1.0414535749613734,1.6512301235172018
absolute_6_sensitivity,family_B_conservative_DDD_equal,3IXN,4,2.331513976535838,0.9238452183927919,1.6594660722437027
absolute_6_sensitivity,family_B_conservative_DDD_equal,3IXN,9,1.7717508975581993,0.9178386095666227,1.8327778714646996
absolute_6_sensitivity,family_B_conservative_DDD_equal,DDD_related,4,2.6135509654111786,0.45672990930219015,1.292590337972726
absolute_6_sensitivity,family_B_conservative_DDD_equal,DDD_related,9,1.7284236588328667,0.6916269198090816,1.3788182302222438
absolute_3_focused,family_A_equal,119D,4,2.737621578860889,1.8134487751344253,2.413160839341142
absolute_3_focused,family_A_equal,119D,9,1.8599069256580236,1.5226296241179327,1.5416442728800916
absolute_3_focused,family_A_equal,158D,4,2.5847148815300827,1.1338135635081628,2.3382505293791382
absolute_3_focused,family_A_equal,158D,9,1.7858256215932933,1.1480325076607016,1.4631939233988618
absolute_3_focused,family_A_equal,167D,4,2.5231287762834214,1.4908167237624284,2.1536187252259325
absolute_3_focused,family_A_equal,167D,9,1.7468696954079128,1.3421237606522851,1.4246634990560452
absolute_3_focused,family_A_equal,1D29,4,2.845034300559867,0.9289798641370695,2.521128578073249
absolute_3_focused,family_A_equal,1D29,9,1.915768146058845,1.143226469559643,1.6755885406026998
absolute_3_focused,family_A_equal,1D49,4,2.5351628962145796,0.679170882104799,2.126876587306146
absolute_3_focused,family_A_equal,1D49,9,1.7586834301554113,0.9734056833794398,1.4083783041794327
absolute_3_focused,family_A_equal,1D65,4,2.52502746508992,0.9583133912749133,2.1149280233330536
absolute_3_focused,family_A_equal,1D65,9,1.7545171573839724,1.0653785521897845,1.4391916297742178
absolute_3_focused,family_A_equal,1D89,4,2.416569699321542,1.4379139662980904,1.953903419859035
absolute_3_focused,family_A_equal,1D89,9,1.6934723018045652,1.3113605163223028,1.3332064567757662
absolute_3_focused,family_A_equal,1D98,4,2.432355918853524,1.8876280518101396,1.9103923172767274
absolute_3_focused,family_A_equal,1D98,9,1.708519336024171,1.5473792637610586,1.3363375731532656
absolute_3_focused,family_A_equal,1DN9,4,2.4089565293167468,2.11752468707585,1.7240024684900916
absolute_3_focused,family_A_equal,1DN9,9,1.7267897877221756,1.6447510136228871,1.2339174778376787
absolute_3_focused,family_A_equal,3BSE,4,2.6887491822660365,1.3692703193912905,2.378191881844657
absolute_3_focused,family_A_equal,3BSE,9,1.8347707647122,1.2610705241259268,1.534060663905482
absolute_3_focused,family_A_equal,3IXN,4,2.3468792478683724,0.5671118138785616,2.113886571202478
absolute_3_focused,family_A_equal,3IXN,9,1.8498292690161051,1.0670294312865352,1.7194903522038203
absolute_3_focused,family_A_equal,DDD_exact_sequence,4,2.5112454589724535,0.4528844572633588,2.0960189236711386
absolute_3_focused,family_A_equal,DDD_exact_sequence,9,1.74494831420742,0.8956963745415436,1.3835433422337573
absolute_3_focused,family_A_equal,calcium_series_476D_477D,4,2.5875559298112876,0.7926971197516437,2.2120700736660126
absolute_3_focused,family_A_equal,calcium_series_476D_477D,9,1.7785205504746955,1.002920099746035,1.4449136652891497
absolute_3_focused,family_B_conservative_DDD_equal,119D,4,2.7136244974899952,0.35687728356042925,2.4183362463162155
absolute_3_focused,family_B_conservative_DDD_equal,119D,9,1.831701206658341,0.8796391308804488,1.5123643913352147
absolute_3_focused,family_B_conservative_DDD_equal,158D,4,2.6217500766847763,1.0838965821004862,2.4212802712051804
absolute_3_focused,family_B_conservative_DDD_equal,158D,9,1.7886445288538084,1.109159970728193,1.4717620986742865
absolute_3_focused,family_B_conservative_DDD_equal,167D,4,2.5175099964562193,0.607019873807424,2.1735265279605294
absolute_3_focused,family_B_conservative_DDD_equal,167D,9,1.7279993509898084,0.8952965843720051,1.4047376052057672
absolute_3_focused,family_B_conservative_DDD_equal,1D29,4,2.8372951861281237,0.5721912010386419,2.5421311647978406
absolute_3_focused,family_B_conservative_DDD_equal,1D29,9,1.8961177115435284,0.96948730278325,1.654252531120978
absolute_3_focused,family_B_conservative_DDD_equal,1D49,4,2.555007987332914,-0.11792537379582768,2.1840612324478563
absolute_3_focused,family_B_conservative_DDD_equal,1D49,9,1.7528150615713258,0.6493809819115341,1.4030520565611013
absolute_3_focused,family_B_conservative_DDD_equal,1D65,4,2.5534862568189567,1.043481366748864,2.1769640372561874
absolute_3_focused,family_B_conservative_DDD_equal,1D65,9,1.7527261589153724,1.0631794761651179,1.4393361226476138
absolute_3_focused,family_B_conservative_DDD_equal,1D89,4,2.411882226282316,0.4804674775175286,1.9737448754410778
absolute_3_focused,family_B_conservative_DDD_equal,1D89,9,1.674616193594872,0.8440273563594616,1.312938047475697
absolute_3_focused,family_B_conservative_DDD_equal,1D98,4,2.421925943529885,0.7410625669406912,1.929854060512934
absolute_3_focused,family_B_conservative_DDD_equal,1D98,9,1.6866202397449506,0.9997650431238085,1.3158707955201159
absolute_3_focused,family_B_conservative_DDD_equal,1DN9,4,2.4077135833729812,1.3075700238036632,1.7460123602723492
absolute_3_focused,family_B_conservative_DDD_equal,1DN9,9,1.709764866162466,1.2425337336009576,1.2039714443607394
absolute_3_focused,family_B_conservative_DDD_equal,3BSE,4,2.732684713662586,1.0852666158183553,2.4654408144198037
absolute_3_focused,family_B_conservative_DDD_equal,3BSE,9,1.8412099392705663,1.1100311616437324,1.5451779976053892
absolute_3_focused,family_B_conservative_DDD_equal,3IXN,4,2.2663226242328562,0.6541775048949248,1.9697409796720322
absolute_3_focused,family_B_conservative_DDD_equal,3IXN,9,1.7971654168461697,1.0364486062817804,1.6075279717005557
absolute_3_focused,family_B_conservative_DDD_equal,DDD_related,4,2.5527528303992426,0.2900019248903405,2.1834258585775395
absolute_3_focused,family_B_conservative_DDD_equal,DDD_related,9,1.7485981841844414,0.7580039475729166,1.3947135679332092
