block,weighting,site,delta_D_diagonal_178D_minus_111D,delta_D_robust_178D_minus_111D,delta_D_mahalanobis_178D_minus_111D
signed_6_primary,pair_equal,4,4.268721491778386,4.965836060976137,4.7190915075567474
signed_6_primary,pair_equal,9,2.3078038763453073,2.5840268907275714,2.4216096271832797
signed_6_primary,structure_equal,4,3.3956073059512306,4.6362195078905515,4.393780376798858
signed_6_primary,structure_equal,9,1.7355831837837847,2.467774535052854,1.6660076503018182
signed_6_primary,family_A_equal,4,2.726959804470411,3.6558022829204084,3.700837696062351
signed_6_primary,family_A_equal,9,1.4015836403974262,1.8546463037973382,1.3877155212522894
signed_6_primary,family_B_conservative_DDD_equal,4,2.560293038026007,2.7085758354682916,3.542194216677796
signed_6_primary,family_B_conservative_DDD_equal,9,1.3245268368549787,1.396671142607758,1.3217396780696298
absolute_6_sensitivity,pair_equal,4,3.0366685105539872,2.576086315733477,3.012464224016078
absolute_6_sensitivity,pair_equal,9,2.076072042006736,1.727316130123441,2.6125778881713444
absolute_6_sensitivity,structure_equal,4,2.8904695674254057,3.1353892313945977,2.8462128263599453
absolute_6_sensitivity,structure_equal,9,1.9264679449329876,2.0252523343657174,2.364793103227477
absolute_6_sensitivity,family_A_equal,4,2.627730932746829,1.562174634154431,1.9221016476294608
absolute_6_sensitivity,family_A_equal,9,1.7576893678790242,1.1953748804879396,1.7467484888385911
absolute_6_sensitivity,family_B_conservative_DDD_equal,4,2.6295984130326033,1.1109336961580212,1.688901630584013
absolute_6_sensitivity,family_B_conservative_DDD_equal,9,1.7471057464874526,0.9685694445091997,1.5963139830146957
absolute_3_focused,pair_equal,4,2.955772550147209,2.311402477109297,2.6982667477351328
absolute_3_focused,pair_equal,9,2.110403379959358,1.8531531005765274,1.983386279733864
absolute_3_focused,structure_equal,4,2.813068502505004,2.9160766292043547,2.4002685001117143
absolute_3_focused,structure_equal,9,1.9578137322526672,2.129769597706968,1.6951807634515248
absolute_3_focused,family_A_equal,4,2.5616126223218743,1.3682829493566544,2.151282808159447
absolute_3_focused,family_A_equal,9,1.781718062701259,1.279727186601498,1.4438054601217658
absolute_3_focused,family_B_conservative_DDD_equal,4,2.5661889857732305,0.9202605936404638,2.1797100402404475
absolute_3_focused,family_B_conservative_DDD_equal,9,1.7691795527023224,1.0505271387789463,1.427930461114478
