branch_type,baseline_or_variant,weighting,metric,site,delta_178D_minus_111D,direction_positive
baseline_x_weighting_x_metric,AT_only,pair_equal,D_diagonal,4,4.268721491778386,True
baseline_x_weighting_x_metric,AT_only,pair_equal,D_robust,4,4.965836060976137,True
baseline_x_weighting_x_metric,AT_only,pair_equal,D_mahalanobis,4,4.719091507556875,True
baseline_x_weighting_x_metric,AT_only,pair_equal,D_diagonal,9,2.3078038763453073,True
baseline_x_weighting_x_metric,AT_only,pair_equal,D_robust,9,2.5840268907275714,True
baseline_x_weighting_x_metric,AT_only,pair_equal,D_mahalanobis,9,2.4216096271833223,True
baseline_x_weighting_x_metric,AT_only,structure_equal,D_diagonal,4,3.3956073059512306,True
baseline_x_weighting_x_metric,AT_only,structure_equal,D_robust,4,4.6362195078905515,True
baseline_x_weighting_x_metric,AT_only,structure_equal,D_mahalanobis,4,4.393780376798908,True
baseline_x_weighting_x_metric,AT_only,structure_equal,D_diagonal,9,1.7355831837837847,True
baseline_x_weighting_x_metric,AT_only,structure_equal,D_robust,9,2.467774535052854,True
baseline_x_weighting_x_metric,AT_only,structure_equal,D_mahalanobis,9,1.6660076503018182,True
baseline_x_weighting_x_metric,AT_only,family_A_equal,D_diagonal,4,2.726959804470411,True
baseline_x_weighting_x_metric,AT_only,family_A_equal,D_robust,4,3.6558022829204084,True
baseline_x_weighting_x_metric,AT_only,family_A_equal,D_mahalanobis,4,3.700837696062351,True
baseline_x_weighting_x_metric,AT_only,family_A_equal,D_diagonal,9,1.4015836403974262,True
baseline_x_weighting_x_metric,AT_only,family_A_equal,D_robust,9,1.8546463037973382,True
baseline_x_weighting_x_metric,AT_only,family_A_equal,D_mahalanobis,9,1.3877155212522894,True
baseline_x_weighting_x_metric,AT_only,family_B_equal,D_diagonal,4,2.560293038026007,True
baseline_x_weighting_x_metric,AT_only,family_B_equal,D_robust,4,2.7085758354682916,True
baseline_x_weighting_x_metric,AT_only,family_B_equal,D_mahalanobis,4,3.542194216677796,True
baseline_x_weighting_x_metric,AT_only,family_B_equal,D_diagonal,9,1.3245268368549787,True
baseline_x_weighting_x_metric,AT_only,family_B_equal,D_robust,9,1.396671142607758,True
baseline_x_weighting_x_metric,AT_only,family_B_equal,D_mahalanobis,9,1.3217396780696298,True
baseline_x_weighting_x_metric,GC_only,pair_equal,D_diagonal,4,3.2345638752358212,True
baseline_x_weighting_x_metric,GC_only,pair_equal,D_robust,4,2.0971908078298895,True
baseline_x_weighting_x_metric,GC_only,pair_equal,D_mahalanobis,4,6.627158209467474,True
baseline_x_weighting_x_metric,GC_only,pair_equal,D_diagonal,9,1.9352409241826614,True
baseline_x_weighting_x_metric,GC_only,pair_equal,D_robust,9,1.4789756569040264,True
baseline_x_weighting_x_metric,GC_only,pair_equal,D_mahalanobis,9,3.533613066037219,True
baseline_x_weighting_x_metric,GC_only,structure_equal,D_diagonal,4,3.448294618522528,True
baseline_x_weighting_x_metric,GC_only,structure_equal,D_robust,4,3.4701057977014145,True
baseline_x_weighting_x_metric,GC_only,structure_equal,D_mahalanobis,4,6.474923521686151,True
baseline_x_weighting_x_metric,GC_only,structure_equal,D_diagonal,9,2.049335596305383,True
baseline_x_weighting_x_metric,GC_only,structure_equal,D_robust,9,2.165059525449763,True
baseline_x_weighting_x_metric,GC_only,structure_equal,D_mahalanobis,9,3.4969764660929457,True
baseline_x_weighting_x_metric,GC_only,family_A_equal,D_diagonal,4,3.1123829092378905,True
baseline_x_weighting_x_metric,GC_only,family_A_equal,D_robust,4,2.293292824988143,True
baseline_x_weighting_x_metric,GC_only,family_A_equal,D_mahalanobis,4,6.1834708727442305,True
baseline_x_weighting_x_metric,GC_only,family_A_equal,D_diagonal,9,1.8488565637184138,True
baseline_x_weighting_x_metric,GC_only,family_A_equal,D_robust,9,1.4907095896893097,True
baseline_x_weighting_x_metric,GC_only,family_A_equal,D_mahalanobis,9,3.247984902763804,True
baseline_x_weighting_x_metric,GC_only,family_B_equal,D_diagonal,4,2.997296829096765,True
baseline_x_weighting_x_metric,GC_only,family_B_equal,D_robust,4,2.1090591886527683,True
baseline_x_weighting_x_metric,GC_only,family_B_equal,D_mahalanobis,4,6.057576497761843,True
baseline_x_weighting_x_metric,GC_only,family_B_equal,D_diagonal,9,1.7820458777974402,True
baseline_x_weighting_x_metric,GC_only,family_B_equal,D_robust,9,1.3798454687884423,True
baseline_x_weighting_x_metric,GC_only,family_B_equal,D_mahalanobis,9,3.127755276425333,True
baseline_x_weighting_x_metric,canonical_pooled,pair_equal,D_diagonal,4,3.9445373594604973,True
baseline_x_weighting_x_metric,canonical_pooled,pair_equal,D_robust,4,4.228470408618058,True
baseline_x_weighting_x_metric,canonical_pooled,pair_equal,D_mahalanobis,4,5.474656722701461,True
baseline_x_weighting_x_metric,canonical_pooled,pair_equal,D_diagonal,9,2.2465002978923145,True
baseline_x_weighting_x_metric,canonical_pooled,pair_equal,D_robust,9,2.3778292615655303,True
baseline_x_weighting_x_metric,canonical_pooled,pair_equal,D_mahalanobis,9,2.753955592329774,True
baseline_x_weighting_x_metric,canonical_pooled,structure_equal,D_diagonal,4,3.963885194566018,True
baseline_x_weighting_x_metric,canonical_pooled,structure_equal,D_robust,4,4.938838946448641,True
baseline_x_weighting_x_metric,canonical_pooled,structure_equal,D_mahalanobis,4,5.120650091030278,True
baseline_x_weighting_x_metric,canonical_pooled,structure_equal,D_diagonal,9,2.23658205696411,True
baseline_x_weighting_x_metric,canonical_pooled,structure_equal,D_robust,9,2.7601270383358525,True
baseline_x_weighting_x_metric,canonical_pooled,structure_equal,D_mahalanobis,9,2.465061894495989,True
baseline_x_weighting_x_metric,canonical_pooled,family_A_equal,D_diagonal,4,3.41211645534257,True
baseline_x_weighting_x_metric,canonical_pooled,family_A_equal,D_robust,4,3.390853467883776,True
baseline_x_weighting_x_metric,canonical_pooled,family_A_equal,D_mahalanobis,4,4.569642021628717,True
baseline_x_weighting_x_metric,canonical_pooled,family_A_equal,D_diagonal,9,1.9323869876968267,True
baseline_x_weighting_x_metric,canonical_pooled,family_A_equal,D_robust,9,1.958477864163381,True
baseline_x_weighting_x_metric,canonical_pooled,family_A_equal,D_mahalanobis,9,2.142335440795094,True
baseline_x_weighting_x_metric,canonical_pooled,family_B_equal,D_diagonal,4,3.265060650907479,True
baseline_x_weighting_x_metric,canonical_pooled,family_B_equal,D_robust,4,3.078341905193909,True
baseline_x_weighting_x_metric,canonical_pooled,family_B_equal,D_mahalanobis,4,4.419367880308048,True
baseline_x_weighting_x_metric,canonical_pooled,family_B_equal,D_diagonal,9,1.849331292803594,True
baseline_x_weighting_x_metric,canonical_pooled,family_B_equal,D_robust,9,1.789796012145036,True
baseline_x_weighting_x_metric,canonical_pooled,family_B_equal,D_mahalanobis,9,2.0360491096278928,True
terminal_sequence_pairtype_stratum,AT_all,pair_equal,D_diagonal,4,4.268721491778386,True
terminal_sequence_pairtype_stratum,AT_all,pair_equal,D_mahalanobis,4,4.719091507556875,True
terminal_sequence_pairtype_stratum,AT_all,pair_equal,D_diagonal,9,2.3078038763453073,True
terminal_sequence_pairtype_stratum,AT_all,pair_equal,D_mahalanobis,9,2.4216096271833223,True
terminal_sequence_pairtype_stratum,AT_all,structure_equal,D_diagonal,4,3.3956073059512306,True
terminal_sequence_pairtype_stratum,AT_all,structure_equal,D_mahalanobis,4,4.393780376798908,True
terminal_sequence_pairtype_stratum,AT_all,structure_equal,D_diagonal,9,1.7355831837837847,True
terminal_sequence_pairtype_stratum,AT_all,structure_equal,D_mahalanobis,9,1.6660076503018182,True
terminal_sequence_pairtype_stratum,AT_all,family_B_equal,D_diagonal,4,2.560293038026007,True
terminal_sequence_pairtype_stratum,AT_all,family_B_equal,D_mahalanobis,4,3.542194216677796,True
terminal_sequence_pairtype_stratum,AT_all,family_B_equal,D_diagonal,9,1.3245268368549787,True
terminal_sequence_pairtype_stratum,AT_all,family_B_equal,D_mahalanobis,9,1.3217396780696298,True
terminal_sequence_pairtype_stratum,AT_nonterminal,pair_equal,D_diagonal,4,4.265255502279494,True
terminal_sequence_pairtype_stratum,AT_nonterminal,pair_equal,D_mahalanobis,4,4.674561517118093,True
terminal_sequence_pairtype_stratum,AT_nonterminal,pair_equal,D_diagonal,9,2.2945646097834533,True
terminal_sequence_pairtype_stratum,AT_nonterminal,pair_equal,D_mahalanobis,9,2.39528384407415,True
terminal_sequence_pairtype_stratum,AT_nonterminal,structure_equal,D_diagonal,4,3.3964827573460106,True
terminal_sequence_pairtype_stratum,AT_nonterminal,structure_equal,D_mahalanobis,4,4.37032857658469,True
terminal_sequence_pairtype_stratum,AT_nonterminal,structure_equal,D_diagonal,9,1.7289133800252792,True
terminal_sequence_pairtype_stratum,AT_nonterminal,structure_equal,D_mahalanobis,9,1.6513030822174137,True
terminal_sequence_pairtype_stratum,AT_nonterminal,family_B_equal,D_diagonal,4,2.558929772570359,True
terminal_sequence_pairtype_stratum,AT_nonterminal,family_B_equal,D_mahalanobis,4,3.508119052577367,True
terminal_sequence_pairtype_stratum,AT_nonterminal,family_B_equal,D_diagonal,9,1.3168063004602857,True
terminal_sequence_pairtype_stratum,AT_nonterminal,family_B_equal,D_mahalanobis,9,1.3057121367220077,True
terminal_sequence_pairtype_stratum,AT_internal_two_flanks_0GC,pair_equal,D_diagonal,4,6.804605234981928,True
terminal_sequence_pairtype_stratum,AT_internal_two_flanks_0GC,pair_equal,D_mahalanobis,4,7.252447896591434,True
terminal_sequence_pairtype_stratum,AT_internal_two_flanks_0GC,pair_equal,D_diagonal,9,3.6613944945553385,True
terminal_sequence_pairtype_stratum,AT_internal_two_flanks_0GC,pair_equal,D_mahalanobis,9,4.34038628081548,True
terminal_sequence_pairtype_stratum,AT_internal_two_flanks_0GC,structure_equal,D_diagonal,4,7.316473757925067,True
terminal_sequence_pairtype_stratum,AT_internal_two_flanks_0GC,structure_equal,D_mahalanobis,4,7.995311412752017,True
terminal_sequence_pairtype_stratum,AT_internal_two_flanks_0GC,structure_equal,D_diagonal,9,3.918067151723605,True
terminal_sequence_pairtype_stratum,AT_internal_two_flanks_0GC,structure_equal,D_mahalanobis,9,4.656154220401611,True
terminal_sequence_pairtype_stratum,AT_internal_two_flanks_0GC,family_B_equal,D_diagonal,4,5.620586395443645,True
terminal_sequence_pairtype_stratum,AT_internal_two_flanks_0GC,family_B_equal,D_mahalanobis,4,5.966559077221575,True
terminal_sequence_pairtype_stratum,AT_internal_two_flanks_0GC,family_B_equal,D_diagonal,9,3.0293928004566837,True
terminal_sequence_pairtype_stratum,AT_internal_two_flanks_0GC,family_B_equal,D_mahalanobis,9,3.6025373515670793,True
terminal_sequence_pairtype_stratum,AT_internal_two_flanks_1GC_target_matched,pair_equal,D_diagonal,4,3.091927144677417,True
terminal_sequence_pairtype_stratum,AT_internal_two_flanks_1GC_target_matched,pair_equal,D_mahalanobis,4,4.180209470096173,True
terminal_sequence_pairtype_stratum,AT_internal_two_flanks_1GC_target_matched,pair_equal,D_diagonal,9,1.6538992925293812,True
terminal_sequence_pairtype_stratum,AT_internal_two_flanks_1GC_target_matched,pair_equal,D_mahalanobis,9,1.611003697656031,True
terminal_sequence_pairtype_stratum,AT_internal_two_flanks_1GC_target_matched,structure_equal,D_diagonal,4,3.0067624514827678,True
terminal_sequence_pairtype_stratum,AT_internal_two_flanks_1GC_target_matched,structure_equal,D_mahalanobis,4,4.492612382931888,True
terminal_sequence_pairtype_stratum,AT_internal_two_flanks_1GC_target_matched,structure_equal,D_diagonal,9,1.5092452866333907,True
terminal_sequence_pairtype_stratum,AT_internal_two_flanks_1GC_target_matched,structure_equal,D_mahalanobis,9,1.4715365741118873,True
terminal_sequence_pairtype_stratum,AT_internal_two_flanks_1GC_target_matched,family_B_equal,D_diagonal,4,2.394254556631779,True
terminal_sequence_pairtype_stratum,AT_internal_two_flanks_1GC_target_matched,family_B_equal,D_mahalanobis,4,3.8942387352080345,True
terminal_sequence_pairtype_stratum,AT_internal_two_flanks_1GC_target_matched,family_B_equal,D_diagonal,9,1.2009806928660325,True
terminal_sequence_pairtype_stratum,AT_internal_two_flanks_1GC_target_matched,family_B_equal,D_mahalanobis,9,1.2574168079486725,True
terminal_sequence_pairtype_stratum,GC_all,pair_equal,D_diagonal,4,3.2345638752358212,True
terminal_sequence_pairtype_stratum,GC_all,pair_equal,D_mahalanobis,4,6.627158209467474,True
terminal_sequence_pairtype_stratum,GC_all,pair_equal,D_diagonal,9,1.9352409241826614,True
terminal_sequence_pairtype_stratum,GC_all,pair_equal,D_mahalanobis,9,3.533613066037219,True
terminal_sequence_pairtype_stratum,GC_all,structure_equal,D_diagonal,4,3.448294618522528,True
terminal_sequence_pairtype_stratum,GC_all,structure_equal,D_mahalanobis,4,6.474923521686151,True
terminal_sequence_pairtype_stratum,GC_all,structure_equal,D_diagonal,9,2.049335596305383,True
terminal_sequence_pairtype_stratum,GC_all,structure_equal,D_mahalanobis,9,3.4969764660929457,True
terminal_sequence_pairtype_stratum,GC_all,family_B_equal,D_diagonal,4,2.997296829096765,True
terminal_sequence_pairtype_stratum,GC_all,family_B_equal,D_mahalanobis,4,6.057576497761843,True
terminal_sequence_pairtype_stratum,GC_all,family_B_equal,D_diagonal,9,1.7820458777974402,True
terminal_sequence_pairtype_stratum,GC_all,family_B_equal,D_mahalanobis,9,3.127755276425333,True
terminal_sequence_pairtype_stratum,canonical_pooled,pair_equal,D_diagonal,4,3.9445373594604973,True
terminal_sequence_pairtype_stratum,canonical_pooled,pair_equal,D_mahalanobis,4,5.474656722701461,True
terminal_sequence_pairtype_stratum,canonical_pooled,pair_equal,D_diagonal,9,2.2465002978923145,True
terminal_sequence_pairtype_stratum,canonical_pooled,pair_equal,D_mahalanobis,9,2.753955592329774,True
terminal_sequence_pairtype_stratum,canonical_pooled,structure_equal,D_diagonal,4,3.963885194566018,True
terminal_sequence_pairtype_stratum,canonical_pooled,structure_equal,D_mahalanobis,4,5.120650091030278,True
terminal_sequence_pairtype_stratum,canonical_pooled,structure_equal,D_diagonal,9,2.23658205696411,True
terminal_sequence_pairtype_stratum,canonical_pooled,structure_equal,D_mahalanobis,9,2.465061894495989,True
terminal_sequence_pairtype_stratum,canonical_pooled,family_B_equal,D_diagonal,4,3.265060650907479,True
terminal_sequence_pairtype_stratum,canonical_pooled,family_B_equal,D_mahalanobis,4,4.419367880308048,True
terminal_sequence_pairtype_stratum,canonical_pooled,family_B_equal,D_diagonal,9,1.849331292803594,True
terminal_sequence_pairtype_stratum,canonical_pooled,family_B_equal,D_mahalanobis,9,2.0360491096278928,True
leave_one_variable_out,omit_oriented_shear_A,pair_equal,D_diagonal,4,4.208379438305201,True
leave_one_variable_out,omit_oriented_stretch_A,pair_equal,D_diagonal,4,-1.294562971951997,False
leave_one_variable_out,omit_oriented_stagger_A,pair_equal,D_diagonal,4,4.2727921594050216,True
leave_one_variable_out,omit_oriented_buckle_deg,pair_equal,D_diagonal,4,4.267910310072011,True
leave_one_variable_out,omit_oriented_propeller_deg,pair_equal,D_diagonal,4,4.203428554207527,True
leave_one_variable_out,omit_oriented_opening_deg,pair_equal,D_diagonal,4,6.408317563640161,True
leave_one_variable_out,omit_oriented_shear_A,pair_equal,D_diagonal,9,2.368027142848806,True
leave_one_variable_out,omit_oriented_stretch_A,pair_equal,D_diagonal,9,-0.6282684417822395,False
leave_one_variable_out,omit_oriented_stagger_A,pair_equal,D_diagonal,9,2.295602595637618,True
leave_one_variable_out,omit_oriented_buckle_deg,pair_equal,D_diagonal,9,2.3078742788765005,True
leave_one_variable_out,omit_oriented_propeller_deg,pair_equal,D_diagonal,9,2.4571086296913727,True
leave_one_variable_out,omit_oriented_opening_deg,pair_equal,D_diagonal,9,3.1843743743585406,True
